Country Name,Country Code,Indicator Name,1960,1961,1962,1963,1964,1965,1966,1967,1968,1969,1970,1971,1972,1973,1974,1975,1976,1977,1978,1979,1980,1981,1982,1983,1984,1985,1986,1987,1988,1989,1990,1991,1992,1993,1994,1995,1996,1997,1998,1999,2000,2001,2002,2003,2004,2005,2006,2007,2008,2009,2010,2011,2012,2013,2014,2015,2016,2017,2018,2019,2020
Aruba,ABW,GDP (current US 1billion$),0,0,0,0,0,0,0,0,0,0,0,0,0,0,0,0,0,0,0,0,0,0,0,0,0,0,0.41,0.49,0.6,0.7,0.76,0.87,0.96,1.08,1.25,1.32,1.38,1.53,1.67,1.72,1.87,1.92,1.94,2.02,2.23,2.33,2.42,2.62,2.75,2.5,2.39,2.55,2.53,2.73,2.79,2.96,2.98,3.09,3.2,0,0
Africa Eastern and Southern,AFE,GDP (current US 1billion$),19.29,19.7,21.47,25.7,23.5,26.78,29.12,30.14,32.84,37.7,40.27,44.43,48.25,62.91,78.17,83.34,83.12,94.88,106.23,124.36,156.34,160.2,154.5,159.58,145.86,130.3,146.86,179.54,188.8,194.33,212.1,220.52,219.98,220.37,224.51,252.47,251.89,264.86,249.72,246.42,267.61,241.47,247.01,325.89,404.8,470.51,532.14,611.56,666.29,669.23,803.69,896.26,913.2,927.66,956.32,893.1,854.75,962.27,984.03,977.81,898.47
Afghanistan,AFG,GDP (current US 1billion$),0.54,0.55,0.55,0.75,0.8,1.01,1.4,1.67,1.37,1.41,1.75,1.83,1.6,1.73,2.16,2.37,2.56,2.95,3.3,3.7,3.64,3.48,0,0,0,0,0,0,0,0,0,0,0,0,0,0,0,0,0,0,0,0,4.06,4.52,5.23,6.21,6.97,9.75,10.11,12.44,15.86,17.8,20,20.56,20.48,19.91,18.02,18.87,18.35,19.29,19.81
Africa Western and Central,AFW,GDP (current US 1billion$),10.41,11.13,11.95,12.68,13.84,14.87,15.84,14.43,14.88,16.89,23.51,20.84,25.27,31.28,44.23,51.46,62.15,65.33,71.22,88.65,112.06,211.07,187.22,138.16,114.3,116.54,107.53,110.35,108.98,101.8,121.84,117.49,118.32,97.19,85.69,107.4,119.04,119.98,122.62,130.2,134.15,141.86,170.53,197.38,245.86,302.11,384.34,451.87,553.03,492.55,580.22,658.43,716.94,807.82,846.94,757.49,687.48,680.99,738.13,792.08,786.58
Angola,AGO,GDP (current US 1billion$),0,0,0,0,0,0,0,0,0,0,0,0,0,0,0,0,0,0,0,0,5.93,5.55,5.55,5.79,6.14,7.56,7.08,8.09,8.78,10.21,11.24,0,0,0,3.39,5.56,7.53,7.65,6.51,6.15,9.13,8.94,15.29,17.81,23.55,36.97,52.38,65.27,88.54,70.31,83.8,111.79,128.05,136.71,145.71,116.19,101.12,122.12,101.35,89.42,62.31
Albania,ALB,GDP (current US 1billion$),0,0,0,0,0,0,0,0,0,0,0,0,0,0,0,0,0,0,0,0,0,0,0,0,1.86,1.9,2.1,2.08,2.05,2.25,2.03,1.1,0.65,1.19,1.88,2.39,3.2,2.26,2.55,3.21,3.48,3.92,4.35,5.61,7.18,8.05,8.9,10.68,12.88,12.04,11.93,12.89,12.32,12.78,13.23,11.39,11.86,13.02,15.15,15.29,14.8
Andorra,AND,GDP (current US 1billion$),0,0,0,0,0,0,0,0,0,0,0.08,0.09,0.11,0.15,0.19,0.22,0.23,0.25,0.31,0.41,0.45,0.39,0.38,0.33,0.33,0.35,0.48,0.61,0.72,0.8,1.03,1.11,1.21,1.01,1.02,1.18,1.22,1.18,1.21,1.24,1.43,1.55,1.76,2.36,2.89,3.16,3.46,3.95,4.09,3.67,3.45,3.63,3.19,3.19,3.27,2.79,2.9,3,3.22,3.16,0
Arab World,ARB,GDP (current US 1billion$),0,0,0,0,0,0,0,0,35.41,38.89,43.79,50.67,60.44,76.48,144.59,160.17,198.99,229.15,251.63,340.54,460.79,475.35,446.3,419.65,425.66,421.34,402.27,428.93,421.92,442.43,612.51,424.94,454.94,460.57,473.72,517.59,567.52,611.57,590.4,656.99,756.21,731.69,732.2,811.82,965.11,1186.14,1405.91,1639.46,2081.04,1795.73,2111.13,2494.92,2769.08,2849.69,2884.65,2513.21,2461.97,2511.06,2758,2811.18,2530.19
United Arab Emirates,ARE,GDP (current US 1billion$),0,0,0,0,0,0,0,0,0,0,0,0,0,0,0,14.72,19.21,24.87,23.78,31.23,43.6,49.33,46.62,42.8,41.81,40.6,33.94,36.38,36.28,41.46,50.7,51.55,54.24,55.63,59.31,65.74,73.57,78.84,75.67,84.45,104.34,103.31,109.82,124.35,147.82,180.62,222.12,257.92,315.47,253.55,289.79,350.67,374.59,390.11,403.14,358.14,357.05,385.61,422.22,421.14,0
Argentina,ARG,GDP (current US 1billion$),0,0,24.45,18.27,25.61,28.34,28.63,24.26,26.44,31.26,31.58,33.29,34.73,52.54,72.44,52.44,51.17,56.78,58.08,69.25,76.96,78.68,84.31,103.98,79.09,88.42,110.93,111.11,126.21,76.64,141.35,189.72,228.79,236.74,257.44,258.03,272.15,292.86,298.95,283.52,284.2,268.7,97.72,127.59,164.66,198.74,232.56,287.53,361.56,332.98,423.63,530.16,545.98,552.03,526.32,594.75,557.53,643.63,517.63,445.45,383.07
Armenia,ARM,GDP (current US 1billion$),0,0,0,0,0,0,0,0,0,0,0,0,0,0,0,0,0,0,0,0,0,0,0,0,0,0,0,0,0,0,2.26,2.07,1.27,1.2,1.32,1.47,1.6,1.64,1.89,1.85,1.91,2.12,2.38,2.81,3.58,4.9,6.38,9.21,11.66,8.65,9.26,10.14,10.62,11.12,11.61,10.55,10.55,11.53,12.46,13.67,12.65
American Samoa,ASM,GDP (current US 1billion$),0,0,0,0,0,0,0,0,0,0,0,0,0,0,0,0,0,0,0,0,0,0,0,0,0,0,0,0,0,0,0,0,0,0,0,0,0,0,0,0,0,0,0.51,0.52,0.51,0.5,0.49,0.52,0.56,0.68,0.57,0.57,0.64,0.64,0.64,0.67,0.67,0.61,0.64,0.64,0
Antigua and Barbuda,ATG,GDP (current US 1billion$),0,0,0,0,0,0,0,0,0,0,0,0,0,0,0,0,0,0.08,0.09,0.11,0.13,0.15,0.16,0.18,0.21,0.24,0.29,0.34,0.4,0.44,0.46,0.48,0.5,0.54,0.59,0.58,0.63,0.68,0.73,0.77,0.83,0.8,0.81,0.86,0.92,1.02,1.16,1.31,1.37,1.23,1.15,1.14,1.2,1.18,1.25,1.34,1.44,1.47,1.61,1.66,1.42
Australia,AUS,GDP (current US 1billion$),18.58,19.65,19.89,21.51,23.76,25.94,27.27,30.4,32.67,36.63,41.27,45.15,51.97,63.74,88.83,97.17,104.92,110.2,118.34,134.71,149.78,176.64,193.77,177.03,193.24,180.24,182.04,189.06,235.66,299.27,310.78,325.32,324.88,311.55,322.21,367.22,400.3,434.57,398.9,388.61,415.22,378.38,394.65,466.49,612.49,693.41,746.05,853.1,1054,927.81,1146.14,1396.65,1546.15,1576.18,1467.48,1351.69,1208.85,1329.19,1432.88,1396.57,1330.9
Austria,AUT,GDP (current US 1billion$),6.59,7.31,7.76,8.37,9.17,9.99,10.89,11.58,12.44,13.58,15.37,17.86,22.06,29.52,35.19,40.06,42.96,51.55,62.05,73.94,82.06,71.03,71.28,72.12,67.99,69.39,99.04,124.17,133.34,133.11,166.46,173.79,195.08,190.38,203.54,241.04,237.25,212.79,218.26,217.19,196.8,197.34,213.38,261.7,300.9,315.97,336,388.69,430.29,400.17,391.89,431.12,409.43,430.07,442,381.82,395.57,416.21,454.87,445.08,428.97
Azerbaijan,AZE,GDP (current US 1billion$),0,0,0,0,0,0,0,0,0,0,0,0,0,0,0,0,0,0,0,0,0,0,0,0,0,0,0,0,0,0,0,0,0.45,1.57,1.19,2.42,3.18,3.96,4.45,4.58,5.27,5.71,6.24,7.28,8.68,13.25,20.98,33.05,48.85,44.29,52.91,65.95,69.68,74.16,75.24,53.07,37.87,40.87,47.11,48.17,42.61
Burundi,BDI,GDP (current US 1billion$),0.2,0.2,0.21,0.23,0.26,0.16,0.17,0.18,0.18,0.19,0.24,0.25,0.25,0.3,0.35,0.42,0.45,0.55,0.61,0.78,0.92,0.97,1.01,1.08,0.99,1.15,1.2,1.13,1.08,1.11,1.13,1.17,1.08,0.94,0.93,1,0.87,0.97,0.89,0.81,0.87,0.88,0.83,0.78,0.92,1.12,1.27,1.36,1.61,1.78,2.03,2.24,2.33,2.45,2.71,3.1,2.96,3.17,3.04,3.01,3.26
Belgium,BEL,GDP (current US 1billion$),11.66,12.4,13.26,14.26,15.96,17.37,18.65,19.99,21.38,23.71,26.71,29.82,37.21,47.74,56.03,65.68,71.11,82.84,101.25,116.32,126.83,104.73,92.1,87.18,83.35,86.27,120.02,149.39,162.3,164.22,205.33,210.51,234.78,224.72,244.88,288.03,279.2,252.71,258.53,258.16,236.2,236.54,257.16,317.38,368.54,385.57,407.92,470.32,515.22,481.35,480.95,522.65,496.18,521.64,534.68,462.15,475.74,501.52,543.41,533.25,515.33
Benin,BEN,GDP (current US 1billion$),0.23,0.24,0.24,0.25,0.27,0.29,0.3,0.31,0.33,0.33,0.33,0.34,0.41,0.5,0.55,0.68,0.7,0.75,0.93,1.19,1.41,1.29,1.27,1.1,1.05,1.05,1.34,1.56,1.62,1.5,1.96,1.99,1.7,2.27,1.6,2.17,2.36,2.27,2.46,3.68,3.52,3.67,4.19,5.35,6.19,6.57,7.03,8.17,9.79,9.74,9.54,10.69,11.14,12.52,13.28,11.39,11.82,12.7,14.25,14.39,15.65
Burkina Faso,BFA,GDP (current US 1billion$),0.33,0.35,0.38,0.39,0.41,0.42,0.43,0.45,0.46,0.48,0.46,0.48,0.58,0.67,0.75,0.94,0.98,1.13,1.48,1.75,1.93,1.78,1.75,1.6,1.46,1.55,2.04,2.37,2.62,2.62,3.1,3.14,3.36,3.2,1.9,2.38,2.59,2.45,2.8,3.39,2.97,3.19,3.62,4.74,5.45,6.15,6.55,7.63,9.45,9.45,10.11,12.08,12.56,13.44,13.94,11.83,12.83,14.11,16.06,15.99,17.37
Bangladesh,BGD,GDP (current US 1billion$),4.27,4.82,5.08,5.32,5.39,5.91,6.44,7.25,7.48,8.47,8.99,8.75,6.29,8.09,12.51,19.45,10.12,9.65,13.28,15.57,18.14,20.25,18.53,17.61,18.92,22.28,21.77,24.3,26.58,28.78,31.6,30.96,31.71,33.17,33.77,37.94,46.44,48.24,49.98,51.27,53.37,53.99,54.72,60.16,65.11,69.44,71.82,79.61,91.63,102.48,115.28,128.64,133.36,149.99,172.89,195.08,221.42,249.71,274.04,302.56,324.24
Bulgaria,BGR,GDP (current US 1billion$),0,0,0,0,0,0,0,0,0,0,0,0,0,0,0,0,0,0,0,0,19.84,19.87,19.34,16.56,17.59,17.16,20.25,28.1,22.56,21.99,20.63,10.94,10.35,10.83,9.7,18.98,12.29,11.32,15.03,13.63,13.25,14.18,16.4,21.14,26.16,29.87,34.38,44.41,54.44,52.02,50.38,57.39,54.03,55.62,56.9,50.65,53.81,58.97,66.23,68.56,69.11
Bahrain,BHR,GDP (current US 1billion$),0,0,0,0,0,0,0,0,0,0,0,0,0,0,0,0,0,0,0,0,3.07,3.47,3.65,3.74,3.91,3.65,3.05,3.39,3.7,3.86,4.23,4.62,4.75,5.2,5.57,5.85,6.1,6.35,6.18,6.62,9.06,8.98,9.59,11.07,13.15,15.97,18.5,21.73,25.71,22.94,25.71,28.78,30.75,32.54,33.39,31.05,32.23,35.47,37.65,38.47,0
"Bahamas, The",BHS,GDP (current US 1billion$),0.17,0.19,0.21,0.24,0.27,0.3,0.34,0.39,0.44,0.53,0.54,0.57,0.59,0.67,0.63,0.6,0.64,0.71,0.83,1.14,1.34,1.43,1.58,1.73,2.04,2.32,2.47,2.71,2.82,3.06,3.17,3.11,3.11,3.09,3.26,3.43,3.61,6.33,6.83,7.68,8.08,8.32,8.88,8.87,9.06,9.84,10.17,10.62,10.53,9.98,10.1,10.07,10.72,10.57,11.11,11.71,11.93,12.49,13.02,13.58,11.25
Bosnia and Herzegovina,BIH,GDP (current US 1billion$),0,0,0,0,0,0,0,0,0,0,0,0,0,0,0,0,0,0,0,0,0,0,0,0,0,0,0,0,0,0,0,0,0,0,1.26,1.87,2.79,3.67,4.12,4.69,5.51,5.75,6.65,8.37,10.6,11.22,12.86,15.78,19.11,17.61,17.18,18.64,17.23,18.18,18.56,16.21,16.91,18.08,20.18,20.2,19.79
Belarus,BLR,GDP (current US 1billion$),0,0,0,0,0,0,0,0,0,0,0,0,0,0,0,0,0,0,0,0,0,0,0,0,0,0,0,0,0,0,21.65,0,0,0,17.79,13.49,14.76,14.11,15.26,12.15,12.74,12.35,14.59,17.83,23.14,30.21,36.95,45.28,60.76,50.87,57.22,61.76,65.69,75.53,78.81,56.45,47.72,54.73,60.03,64.41,60.26
Belize,BLZ,GDP (current US 1billion$),0.03,0.03,0.03,0.03,0.04,0.04,0.04,0.05,0.04,0.05,0.05,0.06,0.07,0.08,0.1,0.12,0.1,0.12,0.14,0.15,0.2,0.2,0.18,0.19,0.21,0.21,0.23,0.28,0.32,0.37,0.41,0.44,0.52,0.56,0.58,0.62,0.64,0.65,0.69,0.73,0.83,0.87,0.93,0.98,1.05,1.1,1.21,1.27,1.35,1.32,1.38,1.46,1.52,1.58,1.67,1.72,1.79,1.86,1.92,1.98,1.76
Bermuda,BMU,GDP (current US 1billion$),0.08,0.09,0.09,0.1,0.11,0.11,0.13,0.16,0.15,0.16,0.19,0.21,0.24,0.27,0.31,0.35,0.39,0.45,0.48,0.52,0.61,0.74,0.79,0.89,0.99,1.04,1.17,1.3,1.42,1.5,1.59,1.63,1.68,1.82,1.87,2.03,2.7,2.93,3.13,3.32,3.48,3.68,3.94,4.19,4.48,4.87,6.14,6.77,6.98,6.66,6.63,6.31,6.38,6.47,6.41,6.65,6.9,7.14,7.22,7.48,0
Bolivia,BOL,GDP (current US 1billion$),0.37,0.41,0.44,0.48,0.54,0.6,0.67,0.76,0.86,0.93,1.02,1.1,1.26,1.26,2.1,2.4,2.73,3.23,3.76,4.42,4.53,5.87,5.59,5.42,6.17,5.38,3.96,4.32,4.6,4.72,4.87,5.34,5.64,5.73,5.98,6.72,7.4,7.93,8.5,8.29,8.4,8.14,7.91,8.08,8.77,9.55,11.45,13.12,16.67,17.34,19.65,23.96,27.08,30.66,33,33,33.94,37.51,40.29,40.9,36.69
Brazil,BRA,GDP (current US 1billion$),15.17,15.24,19.93,23.02,21.21,21.79,27.06,30.59,33.88,37.46,42.33,49.2,58.54,79.28,105.14,123.71,152.68,176.17,200.8,224.97,235.02,263.56,281.68,203.3,209.02,222.94,268.14,294.08,330.4,425.6,461.95,602.86,400.6,437.8,558.11,769.31,850.43,883.2,863.72,599.39,655.42,559.37,507.96,558.32,669.32,891.63,1107.64,1397.08,1695.82,1667.02,2208.87,2616.2,2465.19,2472.81,2455.99,1802.21,1795.7,2063.51,1916.95,1877.81,1444.73
Barbados,BRB,GDP (current US 1billion$),0,0,0,0,0,0,0,0,0,0,0,0,0,0,0.31,0.4,0.44,0.5,0.55,0.67,1.01,1.11,1.16,1.24,1.35,1.41,1.55,1.7,1.81,2.01,2.01,2.02,1.96,2.06,2.15,2.22,2.36,2.5,2.82,2.95,3.06,3.05,3.11,3.21,3.44,3.82,4.22,4.67,4.79,4.47,4.53,4.66,4.61,4.68,4.7,4.72,4.83,4.98,5.09,5.21,4.37
Brunei Darussalam,BRN,GDP (current US 1billion$),0,0,0,0,0,0.11,0.13,0.14,0.16,0.16,0.18,0.2,0.27,0.43,1.07,1.17,1.42,1.73,1.94,2.8,4.93,4.37,4.26,3.84,3.78,3.52,2.36,2.75,2.69,2.99,3.52,3.7,4.18,4.11,4.09,4.73,5.12,5.2,4.05,4.6,6,5.6,5.84,6.56,7.87,9.53,11.47,12.25,14.39,10.73,13.71,18.53,19.05,18.09,17.1,12.93,11.4,12.13,13.57,13.47,12.02
Bhutan,BTN,GDP (current US 1billion$),0,0,0,0,0,0,0,0,0,0,0,0,0,0,0,0,0,0,0,0,0.13,0.14,0.14,0.16,0.16,0.16,0.19,0.24,0.27,0.26,0.29,0.24,0.24,0.23,0.26,0.29,0.3,0.35,0.36,0.4,0.42,0.46,0.52,0.6,0.68,0.8,0.87,1.17,1.23,1.23,1.55,1.78,1.78,1.76,1.91,2,2.16,2.45,2.45,2.53,2.41
Botswana,BWA,GDP (current US 1billion$),0.03,0.03,0.04,0.04,0.04,0.05,0.05,0.06,0.07,0.08,0.1,0.13,0.16,0.24,0.31,0.36,0.37,0.45,0.59,0.82,1.06,1.07,1.01,1.17,1.24,1.11,1.39,1.97,2.64,3.08,3.79,3.94,4.15,4.16,4.26,4.73,4.85,5.02,4.79,5.48,5.79,5.49,5.44,7.51,8.96,9.92,10.14,10.94,10.95,10.27,12.79,15.35,14.38,14.9,16.25,14.42,15.65,17.41,18.66,18.36,15.78
Central African Republic,CAF,GDP (current US 1billion$),0.11,0.12,0.12,0.13,0.14,0.15,0.16,0.16,0.19,0.19,0.19,0.2,0.23,0.27,0.28,0.38,0.45,0.51,0.61,0.7,0.8,0.69,0.75,0.66,0.64,0.86,1.12,1.2,1.26,1.23,1.44,1.38,1.41,1.28,0.85,1.12,1.01,0.94,0.97,1,0.91,0.93,0.99,1.14,1.27,1.34,1.46,1.7,1.99,2.06,2.14,2.44,2.51,1.69,1.89,1.7,1.83,2.07,2.22,2.22,2.3
Canada,CAN,GDP (current US 1billion$),40.46,40.93,42.23,45.03,49.38,54.52,61.09,65.67,71.83,79.15,87.9,99.27,113.08,131.32,160.41,173.83,206.58,211.61,218.63,243.07,273.85,306.21,313.51,340.55,355.37,364.76,377.44,431.32,507.35,565.06,593.93,610.33,592.39,577.17,578.14,604.03,628.55,654.99,634,678.41,744.77,738.98,760.65,895.54,1026.69,1173.11,1319.26,1468.82,1552.99,1374.63,1617.34,1793.33,1828.37,1846.6,1805.75,1556.51,1527.99,1649.27,1721.85,1741.58,1643.41
Central Europe and the Baltics,CEB,GDP (current US 1billion$),0,0,0,0,0,0,0,0,0,0,0,0,0,0,0,0,0,0,0,0,0,0,0,0,0,0,0,0,0,0,256.21,242.61,259.84,273.98,310.8,393.16,415.88,409.85,448.55,434.74,428.03,468.57,527.96,633.71,762.52,886.11,1002.19,1265.85,1531.5,1289.52,1316.59,1448.82,1352.67,1422.21,1464.86,1292.09,1320.63,1462.83,1644.17,1668.52,1644.37
Switzerland,CHE,GDP (current US 1billion$),9.52,10.71,11.88,13.06,14.48,15.35,16.48,17.74,18.94,20.52,0,0,0,0,0,0,0,0,0,0,122.66,112.34,115.14,114.73,109.55,111.07,159.22,199.4,215.72,208.28,265.99,269.13,280.16,272.47,301.63,353.13,340.47,295.12,303.88,298.52,279.84,287.23,310.18,363.06,405.53,420.54,443.8,493.54,570.3,558.2,603.43,722.04,692.11,712.75,734.4,702.15,695.6,704.48,735.89,731.47,747.97
Channel Islands,CHI,GDP (current US 1billion$),0,0,0,0,0,0,0,0,0,0,0,0,0,0,0,0,0,0,0,0,0,0,0,0,0,0,0,0,0,0,0,0,0,0,0,0,0,0,5.95,6.26,6.44,6.23,6.66,7.33,8.55,8.83,9.68,11.51,0,0,0,0,0,0,0,0,0,0,0,0,0
Chile,CHL,GDP (current US 1billion$),4.11,4.61,5.42,5.67,5.98,6.03,7.07,7.01,7.17,8.38,9.13,10.88,11.85,16.84,16.21,7.62,10.34,13.96,15.99,21.8,29.04,34.51,25.33,20.36,19.62,17.7,18.89,22.26,26.04,29.89,33.11,37.83,45.96,49.3,57.01,73.45,78.04,84.95,81.58,75.17,77.86,70.98,69.74,75.64,99.21,122.96,154.79,173.61,179.64,172.39,218.54,252.25,267.12,278.38,260.54,243.92,250.44,277.03,297.57,279.39,252.94
China,CHN,GDP (current US 1billion$),59.72,50.06,47.21,50.71,59.71,70.44,76.72,72.88,70.85,79.71,92.6,99.8,113.69,138.54,144.18,163.43,153.94,174.94,149.54,178.28,191.15,195.87,205.09,230.69,259.95,309.49,300.76,272.97,312.35,347.77,360.86,383.37,426.92,444.73,564.32,734.55,863.75,961.6,1029.04,1094,1211.35,1339.4,1470.55,1660.29,1955.35,2285.97,2752.13,3550.34,4594.31,5101.7,6087.16,7551.5,8532.23,9570.41,10475.68,11061.55,11233.28,12310.41,13894.82,14279.94,14722.73
Cote d'Ivoire,CIV,GDP (current US 1billion$),0.55,0.62,0.65,0.76,0.92,0.92,1.02,1.08,1.28,1.36,1.46,1.58,1.85,2.51,3.07,3.89,4.66,6.27,7.9,9.14,10.18,8.43,7.57,6.84,6.84,6.98,9.16,10.09,10.26,9.76,10.8,10.49,11.15,11.05,8.31,11,12.14,11.72,12.61,12.38,10.74,11.2,12.41,15.34,16.58,17.09,17.82,20.37,24.32,24.38,24.91,25.41,26.79,31.27,35.36,45.81,47.96,51.59,58.01,58.54,61.35
Cameroon,CMR,GDP (current US 1billion$),0.61,0.65,0.69,0.72,0.78,0.81,0.85,0.94,1.05,1.1,1.15,1.24,1.5,1.9,2.16,2.86,2.9,3.39,4.66,5.92,6.67,6.61,6.61,6.87,7.31,8.54,11.86,13.05,12.24,11.01,12.31,11.84,12.07,14.52,8.29,10.02,10.31,10.04,10.83,10.71,10.11,10.38,11.63,14.58,17.46,17.95,19.37,22.39,26.52,26.12,26.17,29.38,29.1,32.36,34.99,30.93,32.64,35.01,38.69,39.01,39.8
"Congo, Dem. Rep.",COD,GDP (current US 1billion$),3.36,3.09,3.78,6.21,2.88,4.04,4.53,3.38,3.91,5.03,4.88,5.59,6.17,7.87,9.6,10.24,9.65,12.34,15.37,15.07,14.39,12.54,13.65,11.01,7.86,7.2,8.1,7.66,8.86,9.02,9.35,9.63,8.23,10.71,5.84,5.65,5.77,6.09,6.22,4.71,19.09,7.44,8.73,8.94,10.3,11.96,14.45,16.74,19.79,18.65,21.57,25.84,29.31,32.68,35.91,37.92,37.13,38.02,46.83,50.4,49.87
"Congo, Rep.",COG,GDP (current US 1billion$),0.13,0.15,0.17,0.17,0.19,0.2,0.22,0.24,0.25,0.27,0.27,0.32,0.41,0.54,0.59,0.77,0.75,0.77,0.88,1.2,1.71,1.99,2.16,2.1,2.19,2.16,1.85,2.3,2.21,2.39,2.8,2.72,2.93,2.68,1.77,2.12,2.54,2.32,1.95,2.35,3.23,2.8,3.03,3.5,4.66,6.65,8.07,8.77,11.6,9.68,13.14,15.63,17.69,17.95,17.89,11.89,10.16,11.11,13.64,12.69,10.88
Colombia,COL,GDP (current US 1billion$),4.03,4.54,4.96,4.84,5.97,5.76,5.43,5.83,5.96,6.45,7.2,7.82,8.67,10.32,12.37,13.1,15.34,19.47,23.26,27.94,33.4,36.39,38.97,38.73,38.25,34.89,34.94,36.37,39.21,39.54,47.84,49.18,58.42,66.45,81.7,92.51,97.16,106.66,98.44,86.19,99.89,98.21,97.96,94.64,117.08,145.62,161.62,206.18,242.19,232.4,286.56,334.94,370.92,382.12,381.11,293.48,282.83,311.88,334.2,323.43,271.35
Comoros,COM,GDP (current US 1billion$),0,0,0,0,0,0,0,0,0,0,0,0,0,0,0,0,0,0,0,0,0.21,0.2,0.18,0.19,0.18,0.2,0.28,0.34,0.36,0.34,0.43,0.42,0.46,0.45,0.32,0.4,0.4,0.36,0.37,0.38,0.35,0.38,0.43,0.55,0.63,0.65,0.7,0.8,0.92,0.91,0.91,1.02,1.02,1.12,1.15,0.97,1.01,1.08,1.18,1.17,1.22
Cabo Verde,CPV,GDP (current US 1billion$),0,0,0,0,0,0,0,0,0,0,0,0,0,0,0,0,0,0,0,0,0.14,0.14,0.14,0.14,0.13,0.14,0.19,0.24,0.26,0.27,0.31,0.32,0.36,0.49,0.41,0.49,0.5,0.49,0.52,0.59,0.54,0.56,0.62,0.81,0.92,0.97,1.11,1.51,1.79,1.71,1.66,1.87,1.74,1.85,1.86,1.6,1.66,1.77,1.97,1.98,1.7
Costa Rica,CRI,GDP (current US 1billion$),0.51,0.49,0.48,0.51,0.54,0.59,0.65,0.7,0.77,0.85,0.98,1.08,1.24,1.53,1.67,1.96,2.41,3.07,3.52,4.04,4.83,2.62,2.61,3.15,3.66,3.92,4.42,4.53,4.61,5.25,5.71,7.2,8.56,9.58,10.49,11.58,11.68,12.61,13.68,14.25,15.01,15.98,16.58,17.27,18.61,20.04,22.72,26.88,30.8,30.75,37.66,42.76,47.23,50.95,52.02,56.44,58.85,60.52,62.34,63.95,61.52
Caribbean small states,CSS,GDP (current US 1billion$),1.88,2.04,2.15,2.29,2.47,2.66,2.89,3.1,3.08,3.36,3.7,4.02,4.64,5.08,6.6,7.71,7.93,9.21,9.43,10.84,13.5,14.89,16.52,16.74,15.98,15.81,14.44,15.52,16.46,16.87,18.01,17.88,17.58,19.03,20.01,22.07,24.08,28.2,30.13,31.94,34.22,35.25,36.99,39.55,43.26,48.92,55.67,61.88,70.34,59.41,64.52,69.67,72.05,73.42,74.44,73.06,69.5,71.76,75.43,76.64,68.42
Cuba,CUB,GDP (current US 1billion$),0,0,0,0,0,0,0,0,0,0,5.69,6.91,8.14,9.99,11.41,13.03,13.79,14.21,17.84,19.58,19.91,20.15,20.95,22.2,24.04,22.92,24.23,25.21,27.46,27.02,28.65,24.32,22.09,22.37,28.45,30.43,25.02,25.37,25.74,28.36,30.57,31.68,33.59,35.9,38.2,42.64,52.74,58.6,60.81,62.08,64.33,68.99,73.14,77.15,80.66,87.13,91.37,96.85,100.05,103.13,0
Curacao,CUW,GDP (current US 1billion$),0,0,0,0,0,0,0,0,0,0,0,0,0,0,0,0,0,0,0,0,0,0,0,0,0,0,0,0,0,0,0,0,0,0,0,0,0,0,0,0,0,0,0,0,0,0,0,0,0,0,0,3.04,3.13,3.15,3.16,3.15,3.12,3.12,3.13,3.1,0
Cayman Islands,CYM,GDP (current US 1billion$),0,0,0,0,0,0,0,0,0,0,0,0,0,0,0,0,0,0,0,0,0,0,0,0,0,0,0,0,0,0,0,0,0,0,0,0,0,0,0,0,0,0,0,0,0,0,4.2,4.47,4.59,4.28,4.16,4.19,4.29,4.41,4.56,4.71,4.91,5.17,5.52,5.94,0
Cyprus,CYP,GDP (current US 1billion$),0,0,0,0,0,0,0,0,0,0,0,0,0,0,0,0.49,0.58,0.73,0.96,1.29,2.15,2.09,2.16,2.16,2.28,2.43,3.09,3.7,4.28,4.56,5.59,5.77,6.91,6.59,7.43,9.93,10.01,9.55,10.25,10.5,9.99,10.4,11.42,14.55,17.32,18.43,20.07,23.97,27.84,25.95,25.73,27.57,24.98,23.9,23.16,19.84,20.95,22.73,25.31,24.95,23.8
Czech Republic,CZE,GDP (current US 1billion$),0,0,0,0,0,0,0,0,0,0,0,0,0,0,0,0,0,0,0,0,0,0,0,0,0,0,0,0,0,0,40.73,29.86,34.81,40.87,47.85,60.15,67.39,62.18,66.81,65.17,61.83,67.81,82.2,100.09,119.81,137.14,156.26,190.18,236.82,207.43,209.07,229.56,208.86,211.69,209.36,188.03,196.27,218.63,248.95,250.69,243.53
Germany,DEU,GDP (current US 1billion$),0,0,0,0,0,0,0,0,0,0,215.84,249.99,299.8,398.37,445.3,490.64,519.75,600.5,740.47,881.35,950.29,800.47,776.58,770.68,725.11,732.53,1046.26,1298.18,1401.23,1398.97,1771.67,1868.95,2131.57,2071.32,2205.07,2585.79,2497.24,2211.99,2238.99,2194.2,1943.15,1944.11,2068.62,2496.13,2809.19,2845.8,2992.2,3421.23,3730.03,3397.79,3396.35,3744.41,3527.34,3732.74,3883.92,3356.24,3467.5,3673.51,3961.83,3861.12,3806.06
Djibouti,DJI,GDP (current US 1billion$),0,0,0,0,0,0,0,0,0,0,0,0,0,0,0,0,0,0,0,0,0,0,0,0,0,0.34,0,0.37,0.4,0.41,0.45,0.46,0.48,0.47,0.49,0.5,0.49,0.5,0.51,0.54,0.55,0.57,0.59,0.62,0.67,0.71,0.77,0.85,1,1.05,1.13,1.24,1.35,2.04,2.21,2.43,2.6,2.75,3.01,3.32,3.38
Dominica,DMA,GDP (current US 1billion$),0,0,0,0,0,0,0,0,0,0,0,0,0,0,0,0,0,0.05,0.06,0.06,0.07,0.08,0.09,0.1,0.11,0.12,0.14,0.15,0.17,0.19,0.2,0.22,0.23,0.25,0.26,0.27,0.29,0.3,0.32,0.33,0.33,0.34,0.33,0.34,0.37,0.36,0.39,0.42,0.46,0.49,0.49,0.5,0.49,0.5,0.52,0.54,0.58,0.52,0.55,0.57,0.47
Denmark,DNK,GDP (current US 1billion$),0,0,0,0,0,0,11.93,13.06,13.51,15.41,17.08,19.09,23.23,30.73,34.16,40.47,44.58,49.78,60.36,70.37,71.13,61.88,60.41,60.64,59.11,62.66,88.08,109.41,115.55,112.41,138.25,139.22,152.92,143.2,156.16,185.01,187.63,173.54,176.99,177.97,164.16,164.79,178.64,218.1,251.37,264.47,282.88,319.42,353.36,321.24,322,344,327.15,343.58,352.99,302.67,313.12,332.12,356.88,350.1,355.18
Dominican Republic,DOM,GDP (current US 1billion$),0.67,0.65,0.82,0.94,1.03,0.89,0.98,1.03,1.08,1.23,1.49,1.67,1.99,2.34,2.93,3.6,3.95,4.59,4.73,5.5,6.76,7.56,8.27,9.22,11.59,5.04,6.12,5.83,5.37,6.69,7.07,9.82,11.61,13.08,14.64,16.64,18.24,20.02,21.67,22.14,24.31,25.6,27.14,21.4,22.32,35.78,37.88,43.97,48.12,48.26,53.86,58.03,60.68,62.68,67.18,71.16,75.7,80,85.56,88.94,78.84
Algeria,DZA,GDP (current US 1billion$),2.72,2.43,2,2.7,2.91,3.14,3.04,3.37,3.85,4.26,4.86,5.08,6.77,8.71,13.21,15.56,17.73,20.97,26.36,33.24,42.35,44.35,45.21,48.8,53.7,57.94,63.69,66.75,59.09,55.63,62.05,45.72,48,49.95,42.54,41.76,46.94,48.18,48.19,48.64,54.79,54.74,56.76,67.86,85.33,103.2,117.03,134.98,171,137.21,161.21,200.01,209.06,209.76,213.81,165.98,160.03,170.1,175.41,171.16,145.16
East Asia & Pacific (excluding high income),EAP,GDP (current US 1billion$),80.23,70.43,64.54,69.88,81.02,94.55,103.51,100.3,101.24,113.68,126.72,136.27,154.6,194.65,219.6,246.87,250.58,289.56,280.33,324.71,374.69,399.83,419.62,440.3,477.9,523.75,522.27,515.8,572.05,618.25,662.7,719.22,805.95,884.81,1064.44,1313.81,1509.05,1563.08,1432.63,1575.92,1733.45,1846.56,2047.03,2314.32,2683.39,3108.68,3745.67,4740.51,5990.71,6501.45,7876.72,9614.41,10720.9,11833.48,12755.77,13287.04,13569.98,14834.23,16586.78,17156.13,17454.15
Early-demographic dividend,EAR,GDP (current US 1billion$),155.76,156.5,161.73,171.48,196.84,213.47,210.49,221.19,239.43,267.46,283.01,306.48,335.45,428.73,600.5,645.8,705.86,788.6,876.04,1064.44,1324.87,1478.66,1406.08,1415.64,1405.63,1443.81,1448.01,1447.1,1535.28,1561.32,1831.99,1934.37,2123.45,2334.39,2440.8,2494.16,2716.42,2904.99,2871.24,3039,3306.97,3274.59,3182.1,3537.48,4113.24,4794.87,5484.08,6508.71,7332.88,7064.07,8576.6,9609.32,10076.93,10261.11,10615.98,10306.67,10547.54,11397.56,11457.07,11782.97,10845.9
East Asia & Pacific,EAS,GDP (current US 1billion$),153.37,153.82,157.38,175.62,201.78,224.74,251.27,272.26,299.98,345.55,407.94,452.75,562.02,740.82,852.91,933.86,1026.67,1223.89,1544.79,1677.48,1812.88,1998.51,1958.43,2084.61,2233.16,2356.91,3080.8,3618.14,4353.73,4534.15,4735.69,5347.3,5842.44,6534.58,7308.4,8305.66,8003.57,7658.76,6865.11,7667.17,8293.5,7716.57,7845.74,8625.24,9675.8,10331,10960.49,12268.14,14148,14577.86,16990.76,19681.48,21065.52,21316.51,21996.33,21904.44,22653.39,24223.8,26352.45,26916.89,0
Europe & Central Asia (excluding high income),ECA,GDP (current US 1billion$),0,0,0,0,0,0,0,0,0,0,0,0,0,0,0,0,0,0,0,0,0,0,0,0,0,0,0,0,889.78,863.84,918.09,890.91,823.21,816.15,707.69,759.43,767.11,797.77,748.05,628.43,699.7,695.52,796.23,1004.19,1330.51,1685.9,2068.46,2678.37,3316.9,2608.1,3111.29,3843.57,4074.71,4329.8,4041.74,3094.8,2961.4,3326.91,3421.59,3491.57,3217.68
Europe & Central Asia,ECS,GDP (current US 1billion$),0,0,0,0,0,0,736.21,792.85,829.37,917.34,1014.82,1144.48,1371.34,1741.81,1968.18,2299.23,2390.05,2708.63,3305.88,4044.12,4580.59,4076.8,3928.68,3811.25,3663.13,3790.82,5174.17,6393.67,7116.95,7211.88,8823.11,9115.94,9797.87,9003.39,9415.72,10866.2,11089.85,10518.64,10791.7,10667.88,10040.44,10150.06,11093.13,13508.59,15744.92,16763.32,18151.63,21208.07,23288.79,20488.89,20991.18,23267.75,22432.08,23441.14,23764.27,20476.13,20408.87,21601.61,23155.66,22828.2,21960.95
Ecuador,ECU,GDP (current US 1billion$),2.07,1.75,1.52,1.82,2.24,2.39,2.43,2.55,2.58,3.11,2.86,2.75,3.19,3.89,6.6,7.73,9.09,11.03,11.92,14.18,17.88,21.81,19.93,17.15,16.91,17.15,15.31,13.95,13.05,13.89,15.24,16.99,18.09,18.94,22.71,24.43,25.23,28.16,27.98,19.65,18.33,24.47,28.55,32.43,36.59,41.51,46.8,51.01,61.76,62.52,69.56,79.28,87.92,95.13,101.73,99.29,99.94,104.3,107.56,108.11,98.81
"Egypt, Arab Rep.",EGY,GDP (current US 1billion$),0,0,0,0,0,4.95,5.28,5.61,5.93,6.52,8.04,8.61,9.3,10.1,9.23,11.63,13.32,14.4,14.81,18.02,21.67,22.14,27.66,30.97,33.97,39.05,41.25,40.46,34.98,39.76,42.98,37.39,41.86,46.58,51.9,60.16,67.63,78.44,84.83,90.71,99.84,96.68,85.15,80.29,78.78,89.6,107.43,130.44,162.82,189.15,218.98,235.99,279.12,288.43,305.6,329.37,332.44,235.73,249.71,303.08,363.07
Euro area,EMU,GDP (current US 1billion$),244.82,268.95,298.81,335.33,373.01,407.72,444.86,483.4,518.97,579.31,642.67,728.4,879.93,1142.33,1295.48,1502.11,1567.62,1783.11,2183.51,2645.03,2962.39,2574.55,2492.66,2431.77,2332.56,2396.35,3363.14,4159.72,4574.85,4673.04,5881.14,6114.61,6746.16,6173.03,6516.24,7516.45,7605.46,6952.38,7149.23,7114.01,6479.52,6590.49,7166.14,8842.85,10141.49,10519.2,11174.27,12862.31,14098.92,12885.39,12626.21,13617.9,12635.9,13188.83,13489.22,11667.23,11963.76,12640.56,13678.33,13363.55,12933.36
Eritrea,ERI,GDP (current US 1billion$),0,0,0,0,0,0,0,0,0,0,0,0,0,0,0,0,0,0,0,0,0,0,0,0,0,0,0,0,0,0,0,0,0.48,0.47,0.53,0.58,0.69,0.69,0.75,0.69,0.71,0.75,0.73,0.87,1.11,1.1,1.21,1.32,1.38,1.86,1.59,2.07,0,0,0,0,0,0,0,0,0
Spain,ESP,GDP (current US 1billion$),12.07,13.83,16.14,19.07,21.34,24.76,28.72,31.65,31.48,36.04,40.99,46.62,59.13,78.64,97.27,114.78,118.51,132.45,160.6,214.6,232.77,202.81,196,170.95,172.1,180.79,251.32,318.75,376.16,414.76,536.56,577.17,630.92,525.08,530.56,614.61,642.59,590.08,619.21,634.69,596.88,627.29,705.39,905.49,1067.09,1153.29,1259.34,1472.13,1625.22,1485.58,1420.72,1478.77,1324.82,1354.76,1369.4,1195.12,1232.08,1309.3,1421.46,1393.49,1281.2
Estonia,EST,GDP (current US 1billion$),0,0,0,0,0,0,0,0,0,0,0,0,0,0,0,0,0,0,0,0,0,0,0,0,0,0,0,0,0,0,0,0,0,0,0,4.5,4.78,5.15,5.67,5.76,5.69,6.26,7.37,9.88,12.14,14.1,17.01,22.45,24.37,19.74,19.69,23.39,23.19,25.27,26.77,23.05,24.26,26.89,30.62,31.47,31.03
Ethiopia,ETH,GDP (current US 1billion$),0,0,0,0,0,0,0,0,0,0,0,0,0,0,0,0,0,0,0,0,0,7.32,7.71,8.57,8.1,9.48,9.85,10.53,10.91,11.48,12.18,13.46,10.49,8.83,6.93,7.66,8.55,8.59,7.82,7.7,8.24,8.23,7.85,8.62,10.13,12.4,15.28,19.71,27.07,32.44,29.93,31.95,43.31,47.65,55.61,64.59,74.3,81.77,84.27,95.91,107.65
European Union,EUU,GDP (current US 1billion$),0,0,0,0,0,0,503.61,547.33,586.27,653.52,725.97,820.85,990.47,1282.08,1451.83,1690.95,1770.14,2004.99,2442.81,2952.97,3303.32,2880.1,2777.48,2702.17,2603.49,2677.76,3744.19,4631.44,5084.51,5193.91,6498.78,6736.36,7406.67,6761.53,7162.34,8296.58,8432.15,7733.66,7969.52,7923.36,7259.91,7387.78,8049.79,9912.14,11399.58,11905.85,12703.54,14711.23,16237.54,14709.83,14541.45,15738.87,14632.64,15291.98,15631.28,13543.83,13883.44,14727.94,15956.52,15634,15192.65
Fragile and conflict affected situations,FCS,GDP (current US 1billion$),29.35,30.47,33.69,38.74,34.1,37.47,39.94,38.73,40.91,45.95,55.97,56.96,65.29,80.01,118.83,133.68,157.26,172.74,190.6,239.5,297.88,415.98,399.14,338.99,304.64,313.58,296.44,298.02,313.94,289.47,451.2,262.05,259.32,241.36,229.96,278.99,286.74,328.92,331.93,373.06,439.12,425.22,410.7,422.72,534.8,672.88,842.69,1041.17,1342.98,1275.48,1520.7,1543.34,1776.15,1870.89,2031.73,1800.11,1639.13,1676.98,1796.28,1915.1,1734.07
Finland,FIN,GDP (current US 1billion$),5.22,5.92,6.34,6.89,7.77,8.59,9.21,9.37,8.82,10.07,11.36,12.53,14.74,19.47,24.85,29.47,31.85,33.5,36.26,44.47,53.65,52.45,52.8,50.97,52.89,55.88,73.53,91.59,109.06,119.01,141.44,127.77,112.53,89.21,103.3,134.19,132.13,126.91,134.04,135.22,125.71,129.42,139.74,171.27,197.12,204.81,216.91,256.05,284.55,252.5,249.18,275.24,258.3,271.29,274.5,234.44,240.61,255.02,275.85,268.97,271.23
Fiji,FJI,GDP (current US 1billion$),0.11,0.12,0.12,0.13,0.14,0.15,0.15,0.16,0.17,0.18,0.22,0.25,0.32,0.43,0.56,0.68,0.69,0.72,0.83,1.02,1.2,1.24,1.19,1.12,1.18,1.14,1.29,1.18,1.11,1.18,1.34,1.38,1.53,1.64,1.83,1.97,2.13,2.09,1.65,1.94,1.68,1.65,1.83,2.3,2.71,2.98,3.08,3.38,3.52,2.87,3.14,3.77,3.97,4.19,4.86,4.68,4.93,5.35,5.58,5.5,4.38
France,FRA,GDP (current US 1billion$),62.23,67.46,75.61,84.76,94.01,101.54,110.05,118.97,129.79,141.9,148.46,165.97,203.49,264.43,285.55,360.83,372.32,410.28,506.71,613.95,701.29,615.55,584.88,559.87,530.68,553.14,771.47,934.17,1018.85,1025.21,1269.18,1269.28,1401.47,1322.82,1393.98,1601.09,1605.68,1452.88,1503.11,1492.65,1362.25,1376.47,1494.29,1840.48,2115.74,2196.13,2318.59,2657.21,2918.38,2690.22,2642.61,2861.41,2683.83,2811.08,2852.17,2438.21,2471.29,2588.74,2786.5,2715.52,2603
Faroe Islands,FRO,GDP (current US 1billion$),0,0,0,0,0,0,0,0,0,0,0,0,0,0,0,0,0,0,0,0,0,0,0,0,0,0,0,0,0,0,0,0,0,0,0,0,0,0,1.11,1.12,1.06,1.15,1.26,1.49,1.69,1.73,1.98,2.29,2.43,2.27,2.32,2.49,2.37,2.63,2.85,2.52,2.74,2.9,3.05,3.13,0
"Micronesia, Fed. Sts.",FSM,GDP (current US 1billion$),0,0,0,0,0,0,0,0,0,0,0,0,0,0,0,0,0,0,0,0,0,0,0,0.11,0,0,0.11,0.12,0.12,0.14,0.15,0.17,0.18,0.2,0.2,0.22,0.22,0.21,0.22,0.22,0.23,0.24,0.24,0.25,0.24,0.25,0.25,0.26,0.26,0.28,0.3,0.31,0.33,0.32,0.32,0.32,0.33,0.37,0.4,0.41,0
Gabon,GAB,GDP (current US 1billion$),0.14,0.17,0.18,0.15,0.22,0.23,0.25,0.27,0.29,0.32,0.32,0.38,0.43,0.72,1.54,2.16,3.01,2.81,2.39,3.03,4.28,3.86,3.62,3.39,3.56,3.34,3.4,3.28,3.83,4.19,5.95,5.4,5.59,4.38,4.19,4.96,5.69,5.33,4.48,4.66,5.08,5.02,5.34,6.51,7.77,9.58,10.33,12.46,15.57,12.11,14.37,18.21,17.17,17.6,18.2,14.38,14.02,14.93,16.86,16.87,15.59
United Kingdom,GBR,GDP (current US 1billion$),73.23,77.74,81.25,86.56,94.41,101.82,108.57,113.12,107.76,116.46,130.67,148.11,169.97,192.54,206.13,241.76,232.61,263.07,335.88,438.99,564.95,540.77,515.05,489.62,461.49,489.29,601.45,745.16,910.12,926.88,1093.17,1142.8,1179.66,1061.39,1140.49,1341.61,1415.39,1558.2,1651.62,1682.17,1658.19,1638.66,1780.08,2050.92,2412.05,2532.8,2706.01,3093.41,2921.43,2412.39,2481.58,2659.88,2704.02,2783.25,3065.52,2932.78,2693.25,2662.48,2857.32,2830.81,2707.74
Georgia,GEO,GDP (current US 1billion$),0,0,0,0,0,0,0,0,0,0,0,0,0,0,0,0,0,0,0,0,0,0,0,0,0,0,0,0,0,0,7.75,0,0,2.69,2.51,2.69,3.1,3.51,3.61,2.8,3.06,3.22,3.4,3.99,5.13,6.41,7.75,10.17,12.8,10.77,12.24,15.11,16.49,17.19,17.63,14.95,15.14,16.24,17.6,17.48,15.89
Ghana,GHA,GDP (current US 1billion$),1.22,1.3,1.38,1.54,1.73,2.05,2.13,1.75,1.67,1.96,2.22,2.42,2.11,2.47,2.89,2.81,2.77,3.19,3.66,4.02,4.45,4.22,4.04,4.06,4.41,4.5,5.73,5.07,5.2,5.25,5.89,6.6,6.41,5.97,5.44,6.47,6.93,6.89,7.48,7.72,4.98,5.31,6.17,7.63,8.88,10.74,20.44,24.83,28.68,26.05,32.2,39.34,41.27,62.82,51.72,47.5,54.5,58.85,65.32,67.23,72.35
Gibraltar,GIB,GDP (current US 1billion$),0,0,0,0,0,0,0,0,0,0,0,0,0,0,0,0,0,0,0,0,0,0,0,0,0,0,0,0,0,0,0,0,0,0,0,0,0,0,0,0,0,0,0,0,0,0,0,0,0,0,0,0,0,0,0,0,0,0,0,0,0
Guinea,GIN,GDP (current US 1billion$),0,0,0,0,0,0,0,0,0,0,0,0,0,0,0,0,0,0,0,0,0,0,0,0,0,0,2,2.04,2.38,2.43,2.67,3.02,3.28,3.28,3.38,3.69,3.87,3.78,3.59,3.46,3,2.83,2.95,3.45,3.64,2.94,4.22,6.28,6.96,6.72,6.85,6.79,7.64,8.38,8.78,8.79,8.6,10.32,11.86,13.51,15.68
"Gambia, The",GMB,GDP (current US 1billion$),0,0,0,0,0,0,0.04,0.05,0.04,0.05,0.05,0.06,0.06,0.08,0.1,0.12,0.11,0.14,0.17,0.21,0.24,0.22,0.22,0.21,0.18,0.23,0.19,0.22,0.27,0.28,0.32,0.69,0.71,0.76,0.75,0.79,0.85,0.8,0.84,0.81,0.78,0.69,0.58,0.49,0.96,1.03,1.05,1.28,1.56,1.45,1.54,1.41,1.42,1.38,1.23,1.38,1.48,1.5,1.67,1.83,1.9
Guinea-Bissau,GNB,GDP (current US 1billion$),0,0,0,0,0,0,0,0,0,0,0.08,0.08,0.09,0.09,0.1,0.11,0.11,0.11,0.12,0.12,0.11,0.15,0.17,0.16,0.14,0.14,0.13,0.17,0.16,0.21,0.24,0.26,0.23,0.24,0.24,0.25,0.27,0.27,0.21,0.22,0.37,0.39,0.42,0.48,0.53,0.59,0.59,0.7,0.87,0.83,0.85,1.1,0.99,1.05,1.05,1.05,1.18,1.35,1.5,1.44,1.43
Equatorial Guinea,GNQ,GDP (current US 1billion$),0,0,0.01,0.01,0.01,0.06,0.07,0.07,0.07,0.07,0.07,0.06,0.07,0.08,0.09,0.1,0.1,0.1,0,0,0.05,0.04,0.04,0.04,0.05,0.06,0.08,0.09,0.1,0.09,0.11,0.11,0.13,0.14,0.1,0.14,0.23,0.44,0.37,0.62,1.05,1.46,1.81,2.48,4.41,8.22,10.09,13.07,19.75,15.03,16.31,21.36,22.39,21.95,21.77,13.19,11.24,12.2,13.1,11.42,10.02
Greece,GRC,GDP (current US 1billion$),4.34,4.96,5.21,5.9,6.67,7.69,8.59,9.28,10.09,11.62,13.14,14.59,16.89,22.35,25.35,28.53,31.15,36.18,44.27,54.48,56.83,52.35,54.62,49.43,48.02,47.82,56.38,65.65,76.26,79.17,97.89,105.14,116.22,108.81,116.6,136.88,145.86,143.16,144.43,142.54,130.13,136.19,153.83,201.92,240.52,247.78,273.32,318.5,354.46,330,296.84,282.63,242.05,238.48,235.3,195.32,192.73,199.63,212.15,205.33,189.41
Grenada,GRD,GDP (current US 1billion$),0,0,0,0,0,0,0,0,0,0,0,0,0,0,0,0,0,0.07,0.09,0.1,0.11,0.12,0.13,0.13,0.15,0.17,0.19,0.22,0.24,0.27,0.28,0.3,0.31,0.31,0.33,0.34,0.37,0.39,0.45,0.48,0.52,0.52,0.54,0.59,0.6,0.7,0.7,0.76,0.83,0.77,0.77,0.78,0.8,0.84,0.91,1,1.06,1.13,1.17,1.21,1.09
Greenland,GRL,GDP (current US 1billion$),0,0,0,0,0,0,0,0,0,0,0.07,0.09,0.11,0.14,0.17,0.21,0.24,0.28,0.36,0.42,0.48,0.44,0.4,0.42,0.38,0.41,0.6,0.79,0.9,0.93,1.02,1.02,1.04,0.93,1.01,1.21,1.2,1.07,1.15,1.13,1.07,1.09,1.17,1.56,1.82,1.85,2.01,2.25,2.5,2.53,2.5,2.68,2.61,2.68,2.84,2.5,2.71,2.83,3.05,0,0
Guatemala,GTM,GDP (current US 1billion$),1.04,1.08,1.14,1.26,1.3,1.33,1.39,1.45,1.61,1.72,1.9,1.98,2.1,2.57,3.16,3.65,4.37,5.48,6.07,6.9,7.88,8.61,8.72,9.05,9.47,9.72,7.23,7.08,7.84,8.41,7.65,9.41,10.44,11.4,12.98,14.66,15.67,17.79,19.4,18.32,19.29,18.41,20.44,21.58,23.58,26.78,29.74,33.57,38.5,37.13,40.68,46.88,49.59,53,57.85,62.19,66.05,71.65,73.21,77.02,77.6
Guam,GUM,GDP (current US 1billion$),0,0,0,0,0,0,0,0,0,0,0,0,0,0,0,0,0,0,0,0,0,0,0,0,0,0,0,0,0,0,0,0,0,0,0,0,0,0,0,0,0,0,3.39,3.57,3.87,4.21,4.24,4.4,4.66,4.83,4.95,4.98,5.27,5.4,5.61,5.8,5.9,6.01,6.05,6.31,0
Guyana,GUY,GDP (current US 1billion$),0.17,0.19,0.19,0.18,0.19,0.21,0.23,0.25,0.23,0.25,0.27,0.28,0.29,0.31,0.43,0.49,0.45,0.45,0.51,0.53,0.6,0.57,0.48,0.49,0.44,0.45,0.5,0.35,0.41,0.38,0.4,0.35,0.37,0.45,0.54,0.62,0.71,0.75,0.72,0.69,0.71,0.71,0.73,0.74,0.79,0.82,2.38,2.73,3.03,3.17,3.43,3.69,4.06,4.17,4.13,4.28,4.48,4.75,4.79,5.17,5.47
High income,HIC,GDP (current US 1billion$),1065.95,1128.32,1217.99,1312.05,1432.14,1555.23,1706.11,1830.46,1985.01,2183.92,2386.03,2648.89,3072.76,3718.03,4192.04,4677.59,5097.15,5772.45,6917.01,7997.58,8932.27,9067.18,8982.3,9274.37,9674.2,10157.91,12335.12,14297.43,16101.51,16848.73,18936.73,20037.67,21558.82,21724.1,23290.73,25864.26,26093.04,25660.42,25762.35,27059.69,27607.7,27345.29,28497.88,31950.39,35564.03,37616.4,39730.02,43449.05,46180.18,43315.28,45407.32,49004.22,49059.22,49658.07,50752.63,47965.78,48977.8,51201.52,54405.28,54846.29,53255.17
"Hong Kong SAR, China",HKG,GDP (current US 1billion$),1.32,1.38,1.61,1.94,2.21,2.44,2.49,2.69,2.72,3.19,3.8,4.48,5.71,8.03,9.39,10.05,12.88,15.72,18.32,22.53,28.86,31.06,32.29,29.91,33.51,35.7,41.08,50.62,59.71,68.79,76.93,88.96,104.27,120.35,135.81,144.65,159.72,177.35,168.89,165.77,171.67,169.4,166.35,161.38,169.1,181.57,193.54,211.6,219.28,214.05,228.64,248.51,262.63,275.7,291.46,309.38,320.84,341.24,361.69,363.02,346.59
Honduras,HND,GDP (current US 1billion$),0.34,0.36,0.39,0.41,0.46,0.51,0.55,0.6,0.65,0.67,0.72,0.73,0.8,0.91,1.03,1.12,1.35,1.67,3.1,3.54,3.97,4.04,4.27,4.48,4.92,5.28,5.68,6.19,5.9,5.43,4.92,4.65,4.94,4.93,4.64,5.35,5.22,5.74,6.37,6.41,7.19,7.65,7.86,8.23,8.87,9.76,10.92,12.36,13.88,14.59,15.84,17.71,18.53,18.5,19.76,20.98,21.72,23.14,24.07,25.09,23.83
Heavily indebted poor countries (HIPC),HPC,GDP (current US 1billion$),17.36,17.81,19.39,23.39,20.89,24.4,26.57,26.03,27.55,30.61,32.08,34.55,37.63,45.51,55.48,63.38,67.29,79.11,91.39,102.16,108.8,107.56,107.9,102.41,102.28,107.4,124.19,138.66,137.98,133.28,139.08,140.71,131.38,134.62,115.15,134.25,139.54,145.23,153.68,154.61,169.51,162.1,174.12,197.28,226.39,258.37,306.47,365.99,442.04,448.56,497.63,547.16,575.98,641.67,678.02,665.79,671.57,716.95,764.54,789.54,801.47
Croatia,HRV,GDP (current US 1billion$),0,0,0,0,0,0,0,0,0,0,0,0,0,0,0,0,0,0,0,0,0,0,0,0,0,0,0,0,0,0,0,0,0,0,0,22.53,23.85,23.87,25.56,23.46,21.63,23.05,26.81,34.68,41.59,45.38,50.42,60.07,70.23,62.6,59.92,62.54,56.58,58.19,57.64,49.53,51.6,55.48,61.38,60.75,55.97
Haiti,HTI,GDP (current US 1billion$),0.27,0.27,0.28,0.29,0.33,0.35,0.37,0.37,0.37,0.39,0.33,0.36,0.37,0.47,0.57,0.68,0.88,0.95,0.97,1.08,1.38,1.48,1.47,1.62,1.82,2.01,2.32,2.05,2.61,2.74,3.1,3.47,2.26,1.88,2.17,2.81,2.91,3.34,3.72,4.15,6.87,6.36,6.11,5,6.01,7.05,7.41,9.32,10.39,11.27,11.66,13.01,13.71,14.5,14.79,14.86,13.72,14.21,15.97,14.33,13.42
Hungary,HUN,GDP (current US 1billion$),0,0,0,0,0,0,0,0,0,0,0,0,0,0,0,0,0,0,0,0,0,0,0,0,0,0,0,0,0,0,0,34.75,38.73,40.12,43.17,46.43,46.66,47.3,48.71,49.07,47.22,53.75,67.61,85.3,103.96,112.98,115.58,139.97,158.14,130.76,131.92,141.76,128.48,135.41,140.77,125.07,128.47,142.96,160.43,163.5,155.01
IBRD only,IBD,GDP (current US 1billion$),315.97,301.2,313.64,334.94,379.87,415.6,428.16,440.43,465.42,520.01,565.47,617.68,695.12,894.05,1127.76,1217.54,1326.72,1503.79,1621.56,1943.06,2290.65,2481.14,2462.84,2428.46,2483.07,2622.47,2728.65,2789.04,3016.71,3132.02,3584,3678.21,3681.6,3958.62,4336.07,4882.62,5334.16,5657.04,5502.66,5358.19,5833.83,5906.25,5994.98,6735.33,8028.02,9600,11384.67,14151.57,16994.32,16486.09,20019.1,23644.99,25141.05,26562.34,27471.01,25940.9,26151.81,28866.09,30647.54,31357.18,30032.61
IDA & IBRD total,IBT,GDP (current US 1billion$),352.6,341.02,356.97,383.98,427.05,469.24,486.69,499.43,527.41,590.02,647.11,699.11,779.61,989.85,1258.04,1375.43,1490.17,1681.31,1824.43,2177.82,2568.71,2900.6,2856.82,2752.72,2777.94,2925.44,3025.76,3103.8,3335.89,3445.75,3924.75,4020.99,4016.9,4278.79,4643.36,5237.2,5723.2,6060.2,5911.75,5778.5,6300.21,6369.89,6496.62,7295.99,8684.75,10363.99,12305.43,15236.2,18288.49,17764.48,21493.06,25305.28,26923.08,28523.24,29565.36,28015.29,28180.99,30970.11,32869.22,33680.96,32350.8
IDA total,IDA,GDP (current US 1billion$),37.72,39.83,42.94,48.29,47.36,53.57,58.11,58.7,61.7,69.62,80.71,81.14,84.85,97.49,131.51,157.65,163.97,178.81,203.22,235.93,279.32,411.3,387.87,323.92,297.78,306.83,302.73,319.44,325.43,318.05,343.42,345.37,337.8,321.66,307.25,354.91,389.48,403.13,409.94,422.28,468.82,465.87,504.75,564.09,660.61,768.2,926.04,1090.06,1300.22,1285.28,1478.82,1662.4,1785.05,1967.7,2104.3,2086.41,2039.25,2110.69,2228.36,2332.82,2330.81
IDA blend,IDB,GDP (current US 1billion$),12.06,12.91,13.81,14.61,15.95,17.31,18.83,18.93,19.98,22.86,31.42,29.19,32.77,34.96,50.4,57.97,69.96,73.76,80.18,98.43,126.26,243.04,222.14,168.57,144.66,145.32,131.02,134.04,137.62,132.65,146.3,146.92,147.61,131.05,132.69,155.41,171.67,175.33,173.35,180.69,206.25,205.81,227.3,255.07,310.75,371.62,465.37,536.92,636.14,596.48,700.02,804.38,889.58,965.83,1036.81,999.69,930.9,919.47,959.6,987.26,955.55
Indonesia,IDN,GDP (current US 1billion$),0,0,0,0,0,0,0,5.67,7.08,8.34,9.15,9.33,11,16.27,25.8,30.46,37.27,45.81,51.46,51.4,72.48,85.52,90.16,81.05,84.85,85.29,79.95,75.93,84.3,94.45,106.14,116.62,128.03,158.01,176.89,202.13,227.37,215.75,95.45,140,165.02,160.45,195.66,234.77,256.84,285.87,364.57,432.22,510.23,539.58,755.09,892.97,917.87,912.52,890.81,860.85,931.88,1015.62,1042.27,1119.09,1058.42
IDA only,IDX,GDP (current US 1billion$),26.68,27.96,30.28,35.17,32.52,37.66,40.8,41.32,43.34,48.52,50.31,53.48,53.22,64.38,82.96,102.41,94.81,106.47,125.41,139.13,152.92,155.98,155.37,149.6,149.6,158.46,170.59,184.8,187.05,184.83,196.21,197.57,188.88,190.41,173.67,198.27,216.36,226.52,235.74,240.52,261.07,258.52,275.59,306.91,347.01,392.97,455.78,547.7,658.09,685.74,774.07,851.16,885.74,992.49,1057.13,1078.9,1105.32,1192.48,1271.2,1350.25,1383.77
Isle of Man,IMN,GDP (current US 1billion$),0,0,0,0,0,0,0,0,0,0,0,0,0,0,0,0,0,0,0,0,0,0,0,0,0,0,0,0,0,0,0,0,0,0,0,0.91,1.02,1.18,1.38,1.57,1.56,1.66,1.95,2.33,2.82,3.03,3.42,4.47,5.93,5.49,5.92,6.57,6.69,7,7.71,7.09,6.85,6.98,7.49,0,0
India,IND,GDP (current US 1billion$),37.03,39.23,42.16,48.42,56.48,59.55,45.87,50.13,53.09,58.45,62.42,67.35,71.46,85.52,99.53,98.47,102.72,121.49,137.3,152.99,186.33,193.49,200.72,218.26,212.16,232.51,248.99,279.03,296.59,296.04,320.98,270.11,288.21,279.3,327.28,360.28,392.9,415.87,421.35,458.82,468.39,485.44,514.94,607.7,709.15,820.38,940.26,1216.74,1198.9,1341.89,1675.62,1823.05,1827.64,1856.72,2039.13,2103.59,2294.8,2651.47,2701.11,2870.5,2622.98
Not classified,INX,GDP (current US 1billion$),0,0,0,0,0,0,0,0,0,0,0,0,0,0,0,0,0,0,0,0,0,0,0,0,0,0,0,0,0,0,0,0,0,0,0,0,0,0,0,0,0,0,0,0,0,0,0,0,0,0,0,0,0,0,0,0,0,0,0,0,0
Ireland,IRL,GDP (current US 1billion$),1.94,2.09,2.26,2.43,2.77,2.95,3.1,3.34,3.28,3.79,4.4,5.1,6.32,7.48,7.9,9.49,9.46,11.25,14.65,18.32,21.75,20.67,21.48,20.77,20.11,21.27,28.72,33.93,37.78,39.24,49.31,49.8,55.93,52.43,57.11,69.15,75.79,82.82,90.12,98.73,99.87,109.18,127.95,164.26,193.93,211.7,231.98,269.82,274.82,235.88,222.07,237.64,224.98,238.48,258.91,291.52,299.56,338.5,385.97,398.59,418.62
"Iran, Islamic Rep.",IRN,GDP (current US 1billion$),4.2,4.43,4.69,4.93,5.38,6.2,6.79,7.56,8.62,9.74,10.98,13.73,17.15,27.08,46.21,51.78,68.06,80.6,77.99,90.39,94.36,100.5,125.95,156.37,162.28,180.18,209.09,134.01,123.06,120.5,124.81,0,0,63.74,71.84,96.42,120.4,113.92,110.28,113.85,109.59,126.88,128.63,153.54,190.04,226.45,266.3,349.88,412.34,416.4,486.81,580.76,598.87,460.29,432.69,384.95,417.98,445.35,294.36,258.25,191.72
Iraq,IRQ,GDP (current US 1billion$),0,0,1.95,1.98,2.34,0,0,0,2.9,3.01,3.28,3.87,4.11,5.13,11.52,13.46,17.75,19.84,23.76,37.82,52.57,37.82,42.38,40.71,46.94,48.43,47.26,56.77,62.68,65.83,180.41,0.41,0.55,1.03,3.99,12.89,10.43,20.76,20.62,36.88,48.36,36.18,32.93,21.92,36.63,49.95,65.14,88.84,131.61,111.66,138.52,185.75,218,234.64,228.42,166.77,166.6,190.64,212.27,222.43,167.22
Iceland,ISL,GDP (current US 1billion$),0.25,0.25,0.28,0.34,0.43,0.52,0.63,0.62,0.47,0.41,0.53,0.67,0.84,1.15,1.52,1.41,1.67,2.21,2.51,2.85,3.38,3.49,3.21,2.77,2.86,2.98,3.99,5.52,6.11,5.67,6.47,6.91,7.08,6.22,6.39,7.12,7.43,7.57,8.5,8.98,9.03,8.23,9.32,11.43,13.83,16.85,17.47,21.65,18.07,13.15,13.75,15.22,14.75,16.13,17.87,17.52,20.79,24.73,26.22,24.84,21.71
Israel,ISR,GDP (current US 1billion$),2.6,3.14,2.51,2.99,3.41,3.66,3.98,4.03,4.62,5.33,0,0,0,0,0,0,0,0,0,0,0,0,0,0,0,0,0,0,0,0,0,0,0,0,0,100.73,110.43,114.98,116.21,117.37,132.71,131.06,121.41,127.33,135.73,142.66,154.16,179.07,216.34,207.5,234,261.01,257.17,292.69,310.05,300.12,318.62,352.67,370.46,394.65,401.95
Italy,ITA,GDP (current US 1billion$),40.39,44.84,50.38,57.71,63.18,67.98,73.65,81.13,87.94,97.09,113.4,124.67,145.26,175.49,199.56,227.7,224.72,257.6,315.06,393.68,477.26,430.7,427.27,443.04,437.89,452.22,640.39,805.71,891.61,928.66,1181.22,1246.22,1320.16,1064.96,1099.22,1174.66,1312.43,1241.88,1270.05,1252.02,1143.83,1167.01,1270.71,1574.15,1803.23,1857.52,1947.92,2210.29,2398.86,2191.24,2134.02,2291.99,2087.08,2141.32,2159.13,1835.9,1875.8,1956.95,2091.12,2004.91,1886.45
Jamaica,JAM,GDP (current US 1billion$),0.7,0.75,0.78,0.83,0.9,0.97,1.1,1.15,1.08,1.19,1.4,1.54,1.88,1.91,2.38,2.86,2.97,3.25,2.64,2.43,2.68,2.98,3.29,3.62,2.37,2.1,2.75,3.29,3.83,4.4,4.59,4.11,3.54,5.44,5.45,6.58,7.39,8.4,8.79,8.89,9.01,9.19,9.72,9.43,10.17,11.24,11.93,12.8,13.71,12.12,13.22,14.44,14.81,14.26,13.9,14.19,14.08,14.81,15.73,15.83,13.81
Jordan,JOR,GDP (current US 1billion$),0,0,0,0,0,0.6,0.66,0.63,0.56,0.7,0.64,0.68,0.79,0.94,1.2,1.36,1.71,2.1,2.6,3.27,3.91,4.38,4.68,4.92,4.97,4.99,6.4,6.76,6.28,4.22,4.16,4.34,5.31,5.61,6.24,6.73,6.93,7.25,7.91,8.15,8.46,8.98,9.58,10.2,11.41,12.59,15.06,17.11,22.66,24.54,27.13,29.52,31.63,34.45,36.85,38.59,39.89,41.41,42.93,44.5,43.7
Japan,JPN,GDP (current US 1billion$),44.31,53.51,60.72,69.5,81.75,90.95,105.63,123.78,146.6,172.2,212.61,240.15,318.03,432.08,479.63,521.54,586.16,721.41,1013.61,1055.01,1105.39,1218.99,1134.52,1243.32,1318.38,1398.89,2078.95,2532.81,3071.68,3054.91,3132.82,3584.42,3908.81,4454.14,4907.04,5449.12,4833.71,4414.73,4032.51,4562.08,4887.52,4303.54,4115.12,4445.66,4815.15,4755.41,4530.38,4515.26,5037.91,5231.38,5700.1,6157.46,6203.21,5155.72,4850.41,4389.48,4922.54,4866.86,4954.81,5064.87,5048.69
Kazakhstan,KAZ,GDP (current US 1billion$),0,0,0,0,0,0,0,0,0,0,0,0,0,0,0,0,0,0,0,0,0,0,0,0,0,0,0,0,0,0,26.93,24.92,24.92,23.41,21.25,20.37,21.04,22.17,22.14,16.87,18.29,22.15,24.64,30.83,43.15,57.12,81,104.85,133.44,115.31,148.05,192.63,208,236.63,221.42,184.39,137.28,166.81,179.34,181.67,169.84
Kenya,KEN,GDP (current US 1billion$),0.79,0.79,0.87,0.93,1,1,1.16,1.23,1.35,1.46,1.6,1.78,2.11,2.51,2.97,3.26,3.47,4.49,5.3,6.23,7.27,6.85,6.43,5.98,6.19,6.14,7.24,7.97,8.36,8.28,8.57,8.15,8.21,5.75,7.15,9.05,12.05,13.12,14.09,12.9,12.71,12.99,13.15,14.9,16.1,18.74,25.83,31.96,35.9,37.02,40,41.95,50.41,55.1,61.45,64.01,69.19,78.97,87.78,95.5,98.84
Kyrgyz Republic,KGZ,GDP (current US 1billion$),0,0,0,0,0,0,0,0,0,0,0,0,0,0,0,0,0,0,0,0,0,0,0,0,0,0,0,0,0,0,2.68,2.57,2.32,2.03,1.68,1.66,1.83,1.77,1.65,1.25,1.37,1.53,1.61,1.92,2.21,2.46,2.83,3.8,5.14,4.69,4.79,6.2,6.61,7.34,7.47,6.68,6.81,7.7,8.27,8.87,7.74
Cambodia,KHM,GDP (current US 1billion$),0.64,0.64,0.66,0.73,0.78,0.87,0.91,0.96,1.07,0.98,0.72,0.97,0.51,0.7,0.59,0,0,0,0,0,0,0,0,0,0,0,0,0,0,0,0,0,0,2.53,2.79,3.44,3.51,3.44,3.12,3.52,3.65,3.98,4.28,4.66,5.34,6.29,7.27,8.64,10.35,10.4,11.24,12.83,14.05,15.23,16.7,18.05,20.02,22.18,24.57,27.09,25.29
Kiribati,KIR,GDP (current US 1billion$),0,0,0,0,0,0,0,0,0,0,0.01,0.02,0.02,0.03,0.09,0.06,0.04,0.04,0.05,0.04,0.04,0.04,0.04,0.04,0.04,0.03,0.03,0.03,0.04,0.04,0.04,0.05,0.05,0.05,0.05,0.06,0.07,0.07,0.07,0.07,0.07,0.06,0.07,0.09,0.1,0.11,0.11,0.13,0.14,0.13,0.16,0.18,0.19,0.19,0.18,0.17,0.18,0.19,0.2,0.19,0.2
St. Kitts and Nevis,KNA,GDP (current US 1billion$),0.01,0.01,0.01,0.01,0.01,0.01,0.01,0.02,0.01,0.02,0.02,0.02,0.02,0.02,0.03,0.03,0.03,0.04,0.05,0.06,0.07,0.08,0.09,0.09,0.1,0.11,0.13,0.15,0.17,0.19,0.22,0.22,0.24,0.26,0.3,0.31,0.33,0.37,0.38,0.41,0.42,0.46,0.48,0.47,0.51,0.55,0.64,0.69,0.75,0.75,0.76,0.82,0.8,0.84,0.92,0.92,0.97,1,1.01,1.04,0.93
Korea Rep.,KOR,GDP (current US 1billion$),3.96,2.42,2.81,3.99,3.46,3.12,3.93,4.86,6.12,7.68,9.01,9.9,10.86,13.88,19.54,21.78,29.9,38.45,51.97,66.95,65.4,72.93,78.36,87.76,97.51,101.3,116.84,147.95,199.59,246.93,283.37,330.65,355.53,392.67,463.62,566.58,610.17,569.75,383.33,497.51,576.18,547.66,627.25,702.72,793.18,934.9,1053.22,1172.61,1047.34,943.94,1144.07,1253.22,1278.43,1370.8,1484.32,1465.77,1500.11,1623.9,1724.85,1646.74,1630.53
Kuwait,KWT,GDP (current US 1billion$),0,0,0,0,0,2.1,2.39,2.44,2.66,2.77,2.87,3.88,4.45,5.41,13,12.02,13.13,14.14,15.5,24.75,28.64,25.06,21.58,20.87,21.7,21.44,17.9,22.37,20.69,24.31,18.43,11.01,19.86,23.94,24.85,27.19,31.49,30.36,25.94,30.12,37.71,34.89,38.14,47.88,59.44,80.8,101.55,114.64,147.4,105.96,115.42,154.07,174.07,174.16,162.63,114.57,109.42,120.71,138.18,136.2,0
Latin America & Caribbean (excluding high income),LAC,GDP (current US 1billion$),65.62,68.62,79.17,78.81,90.91,97.59,107.38,110.13,118.97,133.63,145.02,160.89,182.67,239.62,315.5,339.88,375.46,407.82,464.49,548.3,655.34,758.25,705.6,615.4,628.79,650.11,655.46,703.4,788.06,882.73,1041.18,1297.97,1199.7,1397.34,1609.57,1687.75,1842.26,2010.06,2019.91,1791.53,1980.85,1925.71,1731.48,1773.3,2023.23,2448.47,2860.96,3381.02,3912.34,3636.38,4547.34,5310.23,5288.33,5431.24,5460.16,4653.09,4527.16,5046.52,4897.96,4841.64,4007.84
Lao PDR,LAO,GDP (current US 1billion$),0,0,0,0,0,0,0,0,0,0,0,0,0,0,0,0,0,0,0,0,0,0,0,0,1.76,2.37,1.78,1.09,0.6,0.71,0.87,1.03,1.13,1.33,1.54,1.76,1.87,1.75,1.28,1.45,1.73,1.77,1.76,2.02,2.37,2.74,3.45,4.22,5.44,5.83,7.13,8.75,10.19,11.94,13.27,14.39,15.81,16.85,17.95,18.25,19.14
Lebanon,LBN,GDP (current US 1billion$),0,0,0,0,0,0,0,0,0,0,0,0,0,0,0,0,0,0,0,0,0,0,0,0,0,0,0,0,3.31,2.72,2.84,4.69,5.84,7.94,9.6,11.72,13.69,15.75,17.25,17.39,17.26,17.65,19.15,20.08,21.16,21.5,22.02,24.83,29.12,35.4,38.44,39.93,44.04,46.91,48.13,49.94,51.21,53.14,54.96,51.99,33.38
Liberia,LBR,GDP (current US 1billion$),0,0,0,0,0,0,0,0,0,0,0,0,0,0,0,0,0,0,0,0,0,0,0,0,0,0,0,0,0,0,0,0,0,0,0,0,0,0,0,0,0.87,0.91,0.93,0.75,0.9,0.95,1.12,1.37,1.73,1.77,2,2.4,2.72,3.07,3.14,3.18,3.28,3.29,3.26,3.07,2.95
Libya,LBY,GDP (current US 1billion$),0,0,0,0,0,0,0,0,0,0,0,0,0,0,0,0,0,0,0,0,0,0,0,0,0,0,0,0,0,0,28.9,32,33.88,30.66,28.61,25.54,27.88,30.7,27.25,35.98,38.27,34.11,20.48,26.27,33.12,47.33,54.96,67.52,87.14,63.03,74.77,34.7,81.87,65.5,41.14,27.84,26.2,37.88,52.61,52.09,25.42
St. Lucia,LCA,GDP (current US 1billion$),0,0,0,0,0,0,0,0,0,0,0,0,0,0,0,0,0,0,0,0,0.17,0.19,0.18,0.2,0.25,0.28,0.34,0.38,0.43,0.49,0.58,0.61,0.67,0.68,0.71,0.76,0.79,0.81,0.88,0.92,0.93,0.89,0.9,0.99,1.07,1.14,1.27,1.34,1.44,1.4,1.49,1.58,1.61,1.66,1.76,1.81,1.87,2,2.07,2.12,1.7
Latin America & Caribbean,LCN,GDP (current US 1billion$),81.65,86.45,98.89,99.8,111.21,118.56,130.04,133.47,143.75,160.98,175.25,195.82,219.97,288.1,374.43,392.08,435.58,478.74,543.52,647.98,780.56,900.09,839.7,740.18,747.41,769.88,775.52,818.7,923.09,1007.68,1179.42,1450.87,1371.53,1576.94,1802.19,1921.78,2079.49,2279.72,2300.4,2075.54,2292.39,2242.47,2012.05,2054.97,2368.32,2863.67,3356.36,3954.07,4594.98,4318.86,5354.17,6087.22,6150.59,6303.19,6426.82,5531.16,5405.52,6003.76,5865.83,5786.73,4838.1
Least developed countries: UN classification,LDC,GDP (current US 1billion$),0,0,0,0,0,0,0,0,0,0,0,0,0,0,0,0,0,0,0,0,110.33,111.75,111.31,104.77,103.87,115.08,124.81,139.76,144.88,148.12,155.77,157.28,145.96,148.48,137.08,157.75,173.47,182.93,187.3,191.33,214.81,207.42,228.18,255.43,292.22,343.37,401.62,486.5,596.7,606.54,691.46,776.32,817.75,895.72,967.65,951.98,950.92,1039.61,1075.62,1131.45,1130.19
Low income,LIC,GDP (current US 1billion$),0,0,0,0,0,0,0,19.97,20.98,24.11,25.1,27.92,30.57,36.46,45.42,53.58,56.69,65.93,74.18,80.37,85.05,87.67,90.5,87.47,84.67,88.52,94.47,101.95,99.72,98.1,103.03,103.43,93.32,95.07,79.5,89.67,94.75,101.12,101.39,102,125.76,117.47,126.87,140.26,162.34,190.01,222.83,272.11,330.57,340.44,383.24,407.9,420.91,459.95,497.81,497.26,470.82,486.35,502.36,531.83,546.66
Liechtenstein,LIE,GDP (current US 1billion$),0,0,0,0,0,0,0,0,0,0,0.09,0.1,0.12,0.17,0.19,0.25,0.27,0.3,0.44,0.5,0.53,0.51,0.52,0.52,0.5,0.53,0.78,1.05,1.16,1.12,1.42,1.48,1.63,1.67,1.95,2.43,2.5,2.3,2.48,2.66,2.48,2.49,2.69,3.07,3.45,3.66,4,4.6,5.08,4.5,5.08,5.74,5.46,6.39,6.66,6.27,6.24,6.47,6.84,0,0
Sri Lanka,LKA,GDP (current US 1billion$),1.41,1.44,1.43,1.24,1.31,1.7,1.75,1.86,1.8,1.97,2.3,2.37,2.55,2.88,3.57,3.79,3.59,4.1,2.73,3.36,4.02,4.42,4.77,5.17,6.04,5.98,6.41,6.68,6.98,6.99,8.03,9,9.7,10.34,11.72,13.03,13.9,15.09,15.79,15.66,16.33,15.75,16.54,18.88,20.66,24.41,28.28,32.35,40.71,42.07,56.73,65.29,68.43,74.32,79.36,80.6,82.4,87.42,87.95,83.98,80.71
Lower middle income,LMC,GDP (current US 1billion$),88.92,94.06,95.98,106.8,120.3,130.03,119.51,127.68,137.44,152.86,169.5,178.58,194.45,239.31,319.1,354.42,394.39,453.8,500.53,575.42,698.74,840.7,865.37,855.54,844.97,900.24,957.31,937.26,955.16,954.62,1028.17,967.25,1025.48,1033.53,1114.09,1264.06,1406.18,1437.86,1318.3,1424.29,1498.02,1531.75,1641.15,1885.36,2184.9,2540.57,3016.38,3710.28,4196.28,4265.47,5187.23,5906.4,6195.68,6307.74,6561.46,6439.84,6722.96,7241.76,7336.71,7729.88,7328.77
Low & middle income,LMY,GDP (current US 1billion$),334.8,321.09,334.43,360.18,404.58,446.46,462.14,474.58,501.31,561.41,615.57,663.34,742.47,939.34,1193.87,1321.86,1427.13,1603.9,1741.69,2069.05,2425.6,2734.87,2703.77,2615.13,2653.52,2798.24,2901.19,2989.08,3200.14,3320.44,3781.97,3840.62,3807.01,4062.48,4408.41,4933.11,5395.55,5708.5,5539.52,5416.09,5918.01,5970.74,6125.44,6904.11,8196.27,9763.32,11598.16,14370.22,17208.55,16789.24,20365.71,24168.28,25744.97,27318.64,28250.61,26827.27,26991.05,29651.33,31434.96,32252.23,30980.18
Lesotho,LSO,GDP (current US 1billion$),0.03,0.04,0.04,0.05,0.05,0.05,0.06,0.06,0.06,0.07,0.07,0.08,0.08,0.12,0.15,0.15,0.15,0.19,0.27,0.29,0.43,0.43,0.35,0.39,0.33,0.27,0.32,0.4,0.47,0.5,0.6,0.7,0.83,0.84,0.88,1,0.95,1,0.93,0.91,0.89,0.83,0.78,1.16,1.51,1.68,1.8,1.68,1.77,1.74,2.23,2.58,2.48,2.37,2.44,2.36,2.11,2.31,2.51,2.37,1.84
Late-demographic dividend,LTE,GDP (current US 1billion$),181.84,167.92,176.17,190.93,210.63,234.93,260.85,263.51,268.99,300.6,341.49,380.22,436.32,554.35,652.86,717.43,782.78,908.65,946.7,1131.18,1282.23,1359.19,1390.63,1284.96,1352.94,1446.28,1538.18,1621.32,1786.12,1892.63,2019.78,2227.22,2084.17,2165.66,2467.68,3017.22,3327.85,3484.46,3354.27,3099.01,3403.18,3517.59,3726.46,4247.01,5106.33,6163.88,7439.74,9373.2,11652.8,11261.04,13506.8,16459.32,17608,18978.68,19700.56,18473.31,18522.16,20557.71,22535.02,22961.68,22521.4
Lithuania,LTU,GDP (current US 1billion$),0,0,0,0,0,0,0,0,0,0,0,0,0,0,0,0,0,0,0,0,0,0,0,0,0,0,0,0,0,0,0,0,0,0,0,7.87,8.38,10.12,11.24,10.97,11.52,12.24,14.26,18.78,22.63,26.1,30.18,39.7,47.8,37.39,37.13,43.54,42.93,46.52,48.53,41.42,43.02,47.64,53.7,54.64,55.89
Luxembourg,LUX,GDP (current US 1billion$),0.7,0.7,0.74,0.79,0.9,0.92,0.97,0.97,1.07,1.23,1.51,1.57,1.97,2.7,3.3,3.23,3.54,3.92,4.88,5.71,6.23,5.23,4.76,4.68,4.59,4.74,6.92,8.61,9.75,10.39,13.23,14.32,16.07,16.49,18.33,21.59,21.78,19.73,20.21,22.24,21.26,21.27,23.62,29.56,34.69,37.35,42.41,50.89,55.85,51.37,53.21,60,56.68,61.74,66.1,57.74,60.69,64.02,70.89,71.1,73.26
Latvia,LVA,GDP (current US 1billion$),0,0,0,0,0,0,0,0,0,0,0,0,0,0,0,0,0,0,0,0,0,0,0,0,0,0,0,0,0,0,0,0,0,0,0,5.79,5.97,6.52,7.16,7.53,7.95,8.35,9.55,11.75,14.4,16.96,21.52,31,35.76,26.32,23.87,28.37,28.32,30.44,31.33,27.24,28.05,30.38,34.4,34.06,33.51
"Macao SAR, China",MAC,GDP (current US 1billion$),0,0,0,0,0,0,0,0,0,0,0,0,0,0,0,0,0,0,0,0,0,0,1.14,1.13,1.3,1.36,1.53,1.96,2.29,2.71,3.25,3.77,4.91,5.67,6.31,7.05,7.18,7.27,6.8,6.55,6.77,6.86,7.37,8.25,10.64,12.16,14.87,18.44,21.03,21.59,28.24,36.85,43.19,51.54,54.9,45.06,45.09,50.46,55.3,55.15,0
St. Martin (French part),MAF,GDP (current US 1billion$),0,0,0,0,0,0,0,0,0,0,0,0,0,0,0,0,0,0,0,0,0,0,0,0,0,0,0,0,0,0,0,0,0,0,0,0,0,0,0,0,0,0,0,0,0,0,0,0,0,0,0,0,0,0,0,0,0,0,0,0,0
Morocco,MAR,GDP (current US 1billion$),2.04,2.03,2.38,2.66,2.8,2.95,2.88,3.05,3.27,3.65,3.96,4.36,5.07,6.24,7.68,8.98,9.58,11.05,13.24,15.91,21.73,17.79,17.69,16.25,14.82,14.99,19.46,21.77,25.71,26.31,30.18,32.29,33.71,31.66,35.6,39.03,43.16,39.15,41.81,41.63,38.86,39.46,42.24,52.06,59.63,62.34,68.64,79.04,92.51,92.9,93.22,101.37,98.27,106.83,110.08,101.18,103.31,109.68,118.1,119.7,112.87
Monaco,MCO,GDP (current US 1billion$),0,0,0,0,0,0,0,0,0,0,0.29,0.33,0.4,0.52,0.56,0.71,0.74,0.81,1,1.21,1.38,1.21,1.14,1.09,1.04,1.08,1.52,1.84,2,2.01,2.48,2.48,2.74,2.57,2.72,3.13,3.14,2.84,2.93,2.91,2.65,2.72,2.97,3.6,4.14,4.2,4.58,5.87,6.48,5.45,5.37,6.09,5.74,6.56,7.07,6.26,6.47,6.43,7.19,7.42,0
Moldova,MDA,GDP (current US 1billion$),0,0,0,0,0,0,0,0,0,0,0,0,0,0,0,0,0,0,0,0,0,0,0,0,0,0,0,0,0,0,0,0,0,0,0,1.75,1.7,1.93,1.7,1.17,1.29,1.48,1.66,1.98,2.6,2.99,3.41,4.4,6.05,5.44,6.97,8.41,8.71,9.5,9.51,7.75,8.07,9.67,11.46,11.97,11.91
Madagascar,MDG,GDP (current US 1billion$),0.67,0.7,0.74,0.76,0.8,0.83,0.9,0.96,1.03,1.06,1.11,1.2,1.34,1.65,1.92,2.28,2.18,2.36,2.67,3.46,5.2,4.76,4.78,4.69,3.91,3.8,4.35,3.21,3.19,3.18,3.93,3.25,3.71,4.06,3.52,3.84,4.93,4.26,4.4,4.28,4.63,5.44,5.35,6.37,5.06,5.86,6.4,8.52,10.73,9.62,9.98,11.55,11.58,12.42,12.52,11.32,11.85,13.18,13.61,14.19,13.72
Maldives,MDV,GDP (current US 1billion$),0,0,0,0,0,0,0,0,0,0,0,0,0,0,0,0,0,0,0,0,0.04,0.04,0.05,0.06,0.11,0.13,0.14,0.14,0.17,0.19,0.22,0.24,0.28,0.32,0.36,0.4,0.45,0.51,0.54,0.59,0.62,0.87,0.9,1.05,1.23,1.16,1.58,1.87,2.27,2.35,2.59,2.77,2.89,3.3,3.7,4.11,4.38,4.75,5.3,5.64,4.03
Middle East & North Africa,MEA,GDP (current US 1billion$),0,0,0,0,0,0,0,0,45.37,50.48,56.88,67.4,81.71,110.38,205.73,227.8,287.53,333.59,356.31,466.15,603.71,623.62,622.72,630.52,642.27,655.41,664.68,600.3,585.55,605.11,799.8,550.84,596.91,601.94,622.57,701.89,790.4,829.85,806.97,878.94,987.73,978.02,969.29,1077.44,1271.97,1530.79,1791.75,2124.26,2655.98,2372.59,2768.17,3280.1,3576.61,3548.81,3563.98,3132.94,3146.76,3267.07,3388.27,3430.72,3098.53
Mexico,MEX,GDP (current US 1billion$),13.04,14.16,15.2,16.96,20.08,21.84,24.32,26.56,29.36,32.48,35.52,39.2,45.2,55.28,72,88,89.03,81.81,102.5,134.56,205.14,263.96,184.61,156.16,184.26,195.22,134.55,147.54,181.61,221.4,261.25,313.14,363.16,500.74,527.81,360.07,410.98,500.41,526.5,600.23,707.91,756.71,772.11,729.34,782.24,877.48,975.39,1052.7,1109.99,900.05,1057.8,1180.49,1201.09,1274.44,1315.35,1171.87,1078.49,1158.91,1222.35,1268.87,1076.16
Marshall Islands,MHL,GDP (current US 1billion$),0,0,0,0,0,0,0,0,0,0,0,0,0,0,0,0,0,0,0,0,0,0.03,0.03,0.04,0.05,0.04,0.06,0.06,0.07,0.07,0.08,0.08,0.09,0.1,0.11,0.12,0.11,0.11,0.11,0.11,0.12,0.12,0.13,0.13,0.13,0.14,0.14,0.15,0.15,0.15,0.16,0.17,0.18,0.18,0.18,0.18,0.2,0.21,0.22,0.24,0
Middle income,MIC,GDP (current US 1billion$),322.13,308.14,319.69,341.27,389.73,428.82,443.07,455.98,481.77,538.95,592.2,637.34,714.01,905.39,1151.59,1271.97,1374.35,1542.52,1672.61,1994.23,2346.44,2653.18,2619.28,2533.46,2574.63,2715.8,2813.11,2893.75,3107.01,3227.98,3683.4,3741.55,3717,3970.4,4328.9,4843.53,5300.41,5607.09,5438.33,5314.7,5795.02,5854.74,6000.98,6766.26,8036.35,9575.81,11378,14100.98,16882.63,16457.15,19986.26,23754.89,25315.25,26852.25,27750.79,26333.24,26516.58,29153.76,30917.6,31709.62,30433.09
North Macedonia,MKD,GDP (current US 1billion$),0,0,0,0,0,0,0,0,0,0,0,0,0,0,0,0,0,0,0,0,0,0,0,0,0,0,0,0,0,0,4.7,4.94,2.44,2.68,3.56,4.68,4.65,3.93,3.76,3.86,3.77,3.71,3.99,4.95,5.68,6.26,6.86,8.34,9.91,9.41,9.41,10.49,9.74,10.82,11.36,10.07,10.68,11.31,12.68,12.55,12.27
Mali,MLI,GDP (current US 1billion$),0,0,0,0,0,0,0,0.28,0.34,0.34,0.36,0.4,0.49,0.56,0.54,0.83,0.94,1.05,1.22,1.6,1.76,1.54,1.33,1.3,1.23,1.39,1.85,2.09,2.17,2.18,2.68,2.72,2.83,2.82,2.08,2.71,2.78,2.7,2.92,3.44,2.96,3.47,3.91,4.71,5.45,6.25,6.91,8.16,9.84,10.23,10.69,13,12.44,13.24,14.36,13.1,14.03,15.37,17.07,17.28,17.39
Malta,MLT,GDP (current US 1billion$),0,0,0,0,0,0,0,0,0,0,0.25,0.26,0.3,0.35,0.38,0.47,0.53,0.63,0.79,1,1.25,1.24,1.23,1.17,1.1,1.12,1.44,1.75,2.02,2.12,2.55,2.75,3.02,2.71,3,3.72,3.82,3.79,4.01,4.12,4.07,4.09,4.47,5.45,6.1,6.42,6.78,7.93,9.09,8.7,9.04,9.64,9.46,10.55,11.63,11.09,11.72,13.22,14.86,15.22,14.65
Myanmar,MMR,GDP (current US 1billion$),0,0,0,0,0,0,0,0,0,0,0,0,0,0,0,0,0,0,0,0,0,0,0,0,0,0,0,0,0,0,0,0,0,0,0,0,0,0,0,7.64,4.66,4.28,7.63,8.98,8.86,10.57,14.58,25.43,31.83,42.21,51.52,54.15,53.25,58.18,59.64,60.29,61.45,67.14,68.7,79.84,76.19
Middle East & North Africa (excluding high income),MNA,GDP (current US 1billion$),0,0,0,0,0,0,0,0,0,0,0,0,0,0,0,0,0,0,0,0,0,0,0,0,0,0,0,0,0,0,0,0,0,274.9,284.46,332.76,381.32,401.74,407.3,445.88,472.21,473.75,455.89,499.42,593.36,698.85,811.98,1003.37,1243.19,1200.04,1384.91,1566.96,1729.89,1619.26,1592.86,1428.6,1451.36,1431.43,1341.06,1366.02,1214.68
Montenegro,MNE,GDP (current US 1billion$),0,0,0,0,0,0,0,0,0,0,0,0,0,0,0,0,0,0,0,0,0,0,0,0,0,0,0,0,0,0,0,0,0,0,0,0,0,0,0,0,0.98,1.16,1.28,1.71,2.07,2.26,2.72,3.68,4.55,4.16,4.14,4.54,4.09,4.47,4.59,4.05,4.38,4.86,5.51,5.54,4.78
Mongolia,MNG,GDP (current US 1billion$),0,0,0,0,0,0,0,0,0,0,0,0,0,0,0,0,0,0,0,0,0,2.31,2.55,2.73,2.1,2.19,2.9,3.02,3.2,3.58,2.56,2.38,1.32,0.77,0.93,1.45,1.35,1.18,1.12,1.06,1.14,1.27,1.4,1.6,1.99,2.52,3.41,4.23,5.62,4.58,7.19,10.41,12.29,12.58,12.23,11.75,11.19,11.43,13.11,14,13.14
Northern Mariana Islands,MNP,GDP (current US 1billion$),0,0,0,0,0,0,0,0,0,0,0,0,0,0,0,0,0,0,0,0,0,0,0,0,0,0,0,0,0,0,0,0,0,0,0,0,0,0,0,0,0,0,1.28,1.24,1.21,1.06,0.99,0.94,0.94,0.8,0.8,0.73,0.75,0.77,0.83,0.91,1.23,1.56,1.3,1.18,0
Mozambique,MOZ,GDP (current US 1billion$),0,0,0,0,0,0,0,0,0,0,0,0,0,0,0,0,0,0,0,0,0,0,0,0,0,0,0,0,0,0,0,3.63,2.64,2.73,2.8,2.9,3.86,4.65,5.26,5.98,5.66,5.4,5.68,6.3,7.63,8.54,9.18,10.45,12.56,11.91,11.1,14.38,16.35,16.97,17.72,15.95,11.94,13.22,14.85,15.29,14.02
Mauritania,MRT,GDP (current US 1billion$),0,0.16,0.16,0.17,0.22,0.26,0.27,0.28,0.31,0.3,0.31,0.34,0.39,0.49,0.61,0.7,0.78,0.8,0.8,0.95,1.05,1.11,1.11,1.17,1.07,1.01,1.19,1.34,1.41,1.45,1.51,2.13,2.16,1.85,1.94,2.09,2.13,2.07,2.03,1.99,1.78,1.75,1.78,2.05,2.36,2.94,3.92,4.35,5.21,4.71,5.63,6.76,6.73,7.22,6.59,6.17,6.4,6.76,7.05,7.6,7.78
Mauritius,MUS,GDP (current US 1billion$),0,0,0,0,0,0,0,0,0,0,0,0,0,0,0,0,0.7,0.82,1.02,1.21,1.13,1.14,1.08,1.09,1.04,1.08,1.46,1.88,2.13,2.18,2.65,2.86,3.22,3.26,3.56,4.04,4.42,4.19,4.17,4.34,4.66,4.61,4.84,5.82,6.58,6.49,7.03,8.15,9.99,9.13,10,11.52,11.67,12.13,12.8,11.69,12.23,13.26,14.18,14.05,10.91
Malawi,MWI,GDP (current US 1billion$),0.16,0.17,0.18,0.19,0.19,0.23,0.26,0.27,0.25,0.27,0.29,0.37,0.41,0.44,0.55,0.61,0.67,0.81,0.95,1.06,1.24,1.24,1.18,1.22,1.21,1.13,1.18,1.18,1.38,1.59,1.88,2.2,1.8,2.07,1.18,1.4,2.28,2.66,1.75,1.78,1.74,1.72,3.5,3.21,3.48,3.66,4,4.43,5.32,6.19,6.96,8,6.03,5.52,6.05,6.37,5.43,8.79,9.71,10.86,11.96
Malaysia,MYS,GDP (current US 1billion$),1.92,1.9,2,2.51,2.67,2.96,3.14,3.19,3.33,3.66,3.86,4.24,5.04,7.66,9.5,9.3,11.05,13.14,16.36,21.21,24.49,25,26.8,30.35,33.94,31.2,27.73,32.18,35.27,38.85,44.02,49.14,59.17,66.89,74.48,88.71,100.86,100.01,72.17,79.15,93.79,92.78,100.85,110.2,124.75,143.53,162.69,193.55,230.81,202.26,255.02,297.95,314.44,323.28,338.06,301.35,301.26,319.11,358.72,364.68,336.66
North America,NAC,GDP (current US 1billion$),583.85,604.32,647.42,683.73,735.29,798.33,876.22,927.52,1014.48,1099.21,1161.39,1264.33,1392.43,1556.97,1705.96,1859.08,2080.37,2293.89,2570.71,2870.92,3131.77,3514,3658.08,3975.48,4393.97,4704.77,4958.24,5287.83,5745.21,6208.14,6558.67,6770.09,7114.39,7437.55,7867.24,8245.81,8704.36,9235.47,9699.95,10312.4,11000.6,11324.48,11701.01,12357.97,13244.9,14214.62,15140.02,15927.45,16272.81,15830.21,16616.03,17342.22,18031.75,18637.91,19339.33,19801.46,20279.97,21199.39,22340.94,23182.29,22587.3
Namibia,NAM,GDP (current US 1billion$),0,0,0,0,0,0,0,0,0,0,0,0,0,0,0,0,0,0,0,0,2.42,2.25,2.12,2.3,1.95,1.61,1.81,2.3,2.5,2.54,2.79,3,3.43,3.25,3.67,3.98,3.99,4.15,3.87,3.87,3.92,3.56,3.35,4.93,6.61,7.25,8,8.84,8.61,8.94,11.43,12.52,13.04,12.04,12.44,11.34,10.72,12.9,13.68,12.57,10.7
New Caledonia,NCL,GDP (current US 1billion$),0,0,0,0,0,0.16,0.16,0.18,0.22,0.26,0.36,0.41,0.51,0.54,0.64,0.82,0.8,0.84,0.85,1.05,1.18,0.97,0.9,0.82,0.8,0.85,1.2,1.49,2.07,2.19,2.53,2.65,2.92,3.07,3.04,3.63,3.61,3.29,3.16,3.06,2.68,0,0,0,0,0,0,0,0,0,0,0,0,0,0,0,0,0,0,0,0
Niger,NER,GDP (current US 1billion$),0.45,0.49,0.53,0.59,0.58,0.67,0.7,0.67,0.64,0.63,0.65,0.69,0.74,0.95,1.03,1.05,1.06,1.29,1.77,2.11,2.51,2.17,2.02,1.8,1.46,1.44,1.9,2.23,2.28,2.18,3.51,3.29,3.39,3.05,1.94,2.3,2.41,2.29,2.64,2.54,2.24,2.45,2.78,3.39,3.76,4.38,4.76,5.73,7.3,7.35,7.85,8.77,9.43,10.22,10.86,9.69,10.36,11.19,12.85,12.91,13.68
Nigeria,NGA,GDP (current US 1billion$),4.2,4.47,4.91,5.17,5.55,5.87,6.37,5.2,5.2,6.63,12.55,9.18,12.27,15.16,24.85,27.78,36.31,36.04,36.53,47.26,64.2,164.48,142.77,97.09,73.48,73.75,54.81,52.68,49.65,44,54.04,49.12,47.79,27.75,33.83,44.06,51.08,54.46,54.6,59.37,69.45,74.03,95.39,104.91,136.39,176.13,236.1,275.63,337.04,291.88,361.46,404.99,455.5,508.69,546.68,486.8,404.65,375.75,397.19,448.12,432.29
Nicaragua,NIC,GDP (current US 1billion$),0.22,0.24,0.27,0.29,0.34,0.57,0.61,0.66,0.7,0.75,0.78,0.83,0.88,1.09,1.52,1.59,1.85,2.24,2.14,1.53,2.19,2.45,2.47,2.74,3.11,2.68,2.89,3.85,2.63,1.01,1.01,1.49,1.79,1.76,3.86,4.14,4.31,4.39,4.64,4.86,5.11,5.32,5.22,5.32,5.8,6.32,6.76,7.42,8.5,8.3,8.76,9.77,10.53,10.98,11.88,12.76,13.29,13.79,13.03,12.61,12.62
Netherlands,NLD,GDP (current US 1billion$),12.28,13.49,14.65,15.89,18.7,21,22.87,25.09,27.82,34.04,38.16,44.58,54.71,71.84,87.24,100.25,109.17,127.02,155.86,179.67,195.15,164.13,158.48,153.45,143.91,143.85,200.86,245.05,261.91,258.34,318.33,327.5,362.96,353.55,379.13,452.3,450.49,416.81,438.01,446.9,416.44,431.21,471.61,578.79,657.17,685.09,733.34,847.48,948,868.08,846.55,904.09,838.97,876.92,890.98,765.26,783.53,831.81,913.6,907.05,912.24
Norway,NOR,GDP (current US 1billion$),5.16,5.63,6.07,6.51,7.16,8.06,8.7,9.51,10.16,11.06,12.81,14.58,17.36,22.53,27.15,32.88,35.94,41.51,46.52,53.13,64.44,63.6,62.65,61.63,62.06,65.42,78.69,94.23,101.9,102.63,119.79,121.87,130.84,120.58,127.13,152.03,163.52,161.36,154.16,162.28,171.25,173.97,195.52,228.86,264.51,308.88,345.58,400.94,462.25,386.19,428.76,498.28,509.51,522.76,498.41,385.8,368.83,398.39,437,405.51,362.01
Nepal,NPL,GDP (current US 1billion$),0.51,0.53,0.57,0.5,0.5,0.74,0.91,0.84,0.77,0.79,0.87,0.88,1.02,0.97,1.22,1.58,1.45,1.38,1.6,1.85,1.95,2.28,2.4,2.45,2.58,2.62,2.85,2.96,3.49,3.53,3.63,3.92,3.4,3.66,4.07,4.4,4.52,4.92,4.86,5.03,5.49,6.01,6.05,6.33,7.27,8.13,9.04,10.33,12.55,12.85,16,21.62,21.7,22.16,22.73,24.36,24.52,28.97,33.11,34.19,33.66
Nauru,NRU,GDP (current US 1billion$),0,0,0,0,0,0,0,0,0,0,0,0,0,0,0,0,0,0,0,0,0,0,0,0,0,0,0,0,0,0,0,0,0,0,0,0,0,0,0,0,0,0,0,0,0,0,0,0,0,0,0.05,0.07,0.1,0.1,0.1,0.09,0.1,0.11,0.12,0.12,0
New Zealand,NZL,GDP (current US 1billion$),5.49,5.67,6.08,6.64,7.27,5.65,5.86,5.96,5.18,5.76,0,7.91,9.57,12.8,13.94,12.86,13.6,15.45,18.53,20.73,23.24,24.42,24.16,24.31,21.67,24.68,30.6,40.38,45.18,43.92,45.5,42.75,41.65,46.78,55.31,63.92,70.14,66.08,56.23,58.76,52.62,53.87,66.63,88.25,103.91,114.72,111.54,137.19,133.13,121.37,146.52,168.29,176.21,190.91,201.31,178.06,188.94,206.95,212.23,209.13,212.48
OECD members,OED,GDP (current US 1billion$),1080.92,1136.64,1226.9,1322.44,1445.36,1568.73,1721.76,1848.3,2004.94,2205.47,2403.77,2662.09,3087.98,3730.83,4180.27,4685.48,5081.57,5732.93,6887.52,7955.86,8841.96,9000.94,8866.24,9156.29,9575.82,10085.41,12215.61,14146.97,15945.9,16687.15,18798.43,19896.37,21399.19,21691.26,23182.7,25556.32,25777.8,25398.93,25671.31,26953.31,27528.37,27282.68,28458.47,31848.49,35456.24,37509.64,39583.51,43328.43,45921.3,42996.8,45115.36,48515.59,48490.8,49149.22,50192.65,47383.21,48288.12,50395.09,53327.47,53791.28,52059.61
Oman,OMN,GDP (current US 1billion$),0,0,0,0,0,0.06,0.07,0.11,0.19,0.24,0.26,0.3,0.37,0.48,1.65,2.1,2.56,2.74,2.74,3.73,5.98,7.26,7.55,7.93,8.82,10.01,7.32,7.81,8.39,9.37,11.69,11.34,12.45,12.49,12.92,13.8,15.28,15.84,14,15.59,19.51,19.45,20.14,21.63,24.76,31.08,37.22,42.09,60.91,48.39,56.91,67.87,76.51,78.56,80.69,68.42,65.44,70.59,79.79,76.33,0
Other small states,OSS,GDP (current US 1billion$),0,0,0,0,0,0,0,0,0,0,3.14,3.72,4.51,6.53,12.04,13.44,16.7,18.81,20.75,26.94,37.41,37.61,35.58,33.61,33.85,32.17,32.57,38.66,43.44,45.48,54.43,56.05,61.14,58.22,60.9,70.23,73.99,76.86,75.28,80.95,91.42,90.95,98.12,122.15,151.57,183.62,215.78,264.05,323.06,277.31,322.63,397.16,414.36,432.45,446.98,370.95,366.64,399.21,443.04,433.45,377.61
Pakistan,PAK,GDP (current US 1billion$),3.75,4.12,4.31,4.63,5.2,5.93,6.56,7.46,8.04,8.68,10.03,10.67,9.42,6.38,8.9,11.23,13.17,15.13,17.81,19.69,23.65,28.1,30.73,28.69,31.15,31.14,31.9,33.35,38.47,40.17,40.01,45.63,48.88,51.81,52.29,60.64,63.32,62.43,62.19,62.97,82.02,79.48,79.9,91.76,107.76,120.06,137.26,152.39,170.08,168.15,177.17,213.59,224.38,231.22,244.36,270.56,278.65,304.57,314.57,278.22,263.69
Panama,PAN,GDP (current US 1billion$),0.54,0.6,0.65,0.72,0.78,0.85,0.93,1.03,1.11,1.22,1.35,1.52,1.67,1.91,2.19,2.44,2.59,2.74,3.24,3.7,4.61,5.22,5.77,5.92,6.18,6.54,6.8,6.83,5.9,5.92,6.43,7.07,8.04,8.78,9.37,9.57,9.87,10.68,11.58,12.13,12.3,12.5,12.99,13.69,15.01,16.37,18.14,21.3,25.16,27.12,29.44,34.69,40.43,45.6,49.92,54.09,57.91,62.2,64.93,66.79,52.94
Peru,PER,GDP (current US 1billion$),2.57,2.9,3.29,3.6,4.36,5.17,6.11,6.2,5.74,6.42,7.43,8.29,9.19,10.99,13.86,16.88,15.95,14.62,12.5,15.96,18.13,21.65,21.79,17.35,17.6,16.55,15.24,20.7,15.44,22.5,26.41,34.34,35.97,34.83,44.88,53.31,55.25,58.15,55.5,50.19,51.74,52.03,54.78,58.73,66.77,76.06,88.64,102.17,120.55,120.82,147.53,171.76,192.65,201.18,200.79,189.81,191.9,211.01,222.57,228.47,202.01
Philippines,PHL,GDP (current US 1billion$),6.68,7.26,4.4,4.88,5.27,5.78,6.37,6.81,7.59,8.41,6.69,7.41,8.02,10.08,13.78,14.89,17.1,19.65,22.71,27.5,32.45,35.65,37.14,33.21,31.41,30.73,29.87,33.2,37.89,42.58,44.31,45.42,52.98,54.37,64.08,74.12,82.85,82.34,72.21,83,83.67,78.92,84.31,87.04,95,107.42,127.65,155.98,181.01,176.13,208.37,234.22,261.92,283.9,297.48,306.45,318.63,328.48,346.84,376.82,361.49
Palau,PLW,GDP (current US 1billion$),0,0,0,0,0,0,0,0,0,0,0,0,0,0,0,0,0,0,0,0,0,0,0,0,0,0,0,0,0,0,0,0,0,0,0,0,0,0,0,0,0.15,0.16,0.16,0.15,0.17,0.19,0.19,0.2,0.2,0.19,0.19,0.2,0.21,0.22,0.24,0.28,0.3,0.29,0.28,0.27,0
Papua New Guinea,PNG,GDP (current US 1billion$),0.23,0.24,0.26,0.28,0.31,0.34,0.39,0.44,0.49,0.55,0.65,0.72,0.86,1.3,1.47,1.36,1.51,1.64,1.95,2.29,2.55,2.5,2.37,2.56,2.55,2.42,2.65,3.14,3.66,3.55,3.22,3.79,4.38,4.97,5.5,4.64,5.16,4.94,3.79,3.48,3.52,3.08,3,3.54,3.93,4.87,8.36,9.55,11.67,11.62,14.25,17.98,21.3,21.26,23.21,21.72,20.76,22.74,24.11,24.83,23.59
Poland,POL,GDP (current US 1billion$),0,0,0,0,0,0,0,0,0,0,0,0,0,0,0,0,0,0,0,0,0,0,0,0,0,0,0,0,0,0,65.98,85.5,94.34,96.05,110.8,142.29,160.19,159.36,174.69,170.03,172.22,190.91,199.07,217.83,255.11,306.14,344.62,429.03,533.61,439.74,479.83,528.3,498.52,521.02,542.48,477.81,472.63,526.51,587.41,595.86,594.16
Pre-demographic dividend,PRE,GDP (current US 1billion$),20.95,21.55,23.59,27.49,25.61,28.86,31.7,29.93,31.55,35.73,43.71,42.72,49.69,61.04,86.57,98.9,115.99,128.35,142.95,180.43,220.71,309.03,290.15,231.38,211.08,218.42,212.06,234.33,237.79,233.21,370.28,166.85,159.61,142.1,134.38,172.72,185.57,204.79,211.2,231.81,270.79,255.99,293.69,318.73,398.21,496.72,627.99,759.25,956.68,868.43,1025.52,1182.59,1297.36,1421.5,1498.31,1319.82,1212.33,1266.38,1332.43,1399.44,1303.28
Puerto Rico,PRI,GDP (current US 1billion$),1.69,1.87,2.09,2.33,2.57,2.88,3.17,3.53,3.94,4.46,5.03,5.65,6.33,7,7.68,8.2,8.97,9.91,11.17,12.75,14.44,15.96,16.76,17.28,19.16,20.29,22.01,24.03,26.39,28.16,30.6,32.29,34.63,36.92,39.69,42.65,45.34,48.19,54.09,57.84,61.7,69.21,71.62,74.83,80.32,83.91,87.28,89.52,93.64,96.39,98.38,100.35,101.56,102.45,102.45,103.38,104.34,103.45,100.93,104.91,103.14
"Korea, Dem. People's Rep.",PRK,GDP (current US 1billion$),0,0,0,0,0,0,0,0,0,0,0,0,0,0,0,0,0,0,0,0,0,0,0,0,0,0,0,0,0,0,0,0,0,0,0,0,0,0,0,0,0,0,0,0,0,0,0,0,0,0,0,0,0,0,0,0,0,0,0,0,0
Portugal,PRT,GDP (current US 1billion$),3.19,3.42,3.67,3.91,4.24,4.69,5.14,5.74,6.35,6.97,8.11,9.2,11.24,15.09,17.51,19.35,20.33,21.44,23.49,26.62,32.9,31.98,30.53,27.24,25.22,27.12,38.75,48.18,56.35,60.59,78.71,89.23,107.59,95.01,99.69,118.12,122.63,117.02,123.95,127.43,118.31,121.5,134.16,164.86,189.03,197.18,208.58,240.19,262.34,243.7,237.88,244.8,216.24,226.37,229.6,199.31,206.29,220.81,242.19,239.51,231.26
Paraguay,PRY,GDP (current US 1billion$),0,0,0,0,0,0.44,0.47,0.49,0.52,0.56,0.59,0.66,0.77,1,1.33,1.51,1.7,2.09,2.56,3.42,4.45,5.62,5.42,5.67,4.5,3.28,3.72,3.97,4.26,4.76,5.81,6.98,7.16,7.25,7.87,9.06,9.79,9.97,9.26,8.84,8.86,8.5,7.2,7.69,9.62,10.74,13.43,17.86,24.62,22.36,27.24,33.76,33.3,38.65,40.38,36.21,36.09,39,40.23,37.91,35.3
West Bank and Gaza,PSE,GDP (current US 1billion$),0,0,0,0,0,0,0,0,0,0,0,0,0,0,0,0,0,0,0,0,0,0,0,0,0,0,0,0,0,0,0,0,0,0,2.84,3.28,3.41,3.76,4.07,4.27,4.31,4,3.56,3.97,4.6,5.13,5.35,5.82,7.31,8.09,9.68,11.19,12.21,13.52,13.99,13.97,15.41,16.13,16.28,17.13,15.56
Pacific island small states,PSS,GDP (current US 1billion$),0,0,0,0,0,0,0,0,0,0,0,0,0,0,0,1.14,1.14,1.19,1.38,1.69,1.96,2.02,1.97,1.88,1.98,1.87,2.04,1.99,2.03,2.1,2.35,2.5,2.74,2.91,3.43,3.72,3.98,3.99,3.41,3.75,3.44,3.4,3.56,4.18,4.82,5.33,5.61,6.19,6.61,5.92,6.57,7.71,8.19,8.5,9.23,9.02,9.45,10.21,10.65,10.64,9.17
Post-demographic dividend,PST,GDP (current US 1billion$),1046.33,1106.3,1194.52,1286.71,1403.82,1525.22,1672.97,1795.9,1947.97,2141.88,2338.9,2593.22,3008.23,3632,4056.16,4544.83,4931.7,5575.61,6699.54,7702.8,8529.69,8626.04,8588.19,8912.67,9314.26,9807.88,11984.02,13894.91,15652.6,16347.92,18350.03,19375.76,20806.45,20946.89,22431.29,24875.34,24999.23,24520.55,24639.5,25862.53,26294.19,26053.32,27167.09,30472.52,33857.51,35644.2,37518.69,40939.86,43279.12,40787.06,42550.73,45685.93,45641.02,46101.86,47060.94,44558.05,45551.71,47483.87,50345.4,50795.26,49308.1
French Polynesia,PYF,GDP (current US 1billion$),0,0,0,0,0,0.18,0.22,0.22,0.26,0.24,0.25,0.3,0.33,0.43,0.56,0.69,0.73,0.79,1.01,1.22,1.36,1.28,1.29,1.34,1.38,1.51,2.3,2.54,2.69,2.64,3.18,3.27,3.56,3.69,3.52,3.98,3.95,3.57,3.78,3.8,3.45,0,0,0,0,0,0,0,0,0,0,0,0,0,0,0,0,0,0,0,0
Qatar,QAT,GDP (current US 1billion$),0,0,0,0,0,0,0,0,0,0,0.3,0.39,0.51,0.79,2.4,2.51,3.28,3.62,4.05,5.63,7.83,8.66,7.6,6.47,6.7,6.15,5.05,5.45,6.04,6.49,7.36,6.88,7.65,7.16,7.37,8.14,9.06,11.3,10.26,12.39,17.76,17.54,19.36,23.53,31.73,44.53,60.88,79.71,115.27,97.8,125.12,167.78,186.83,198.73,206.22,161.74,151.73,161.1,183.33,175.84,146.37
Romania,ROU,GDP (current US 1billion$),0,0,0,0,0,0,0,0,0,0,0,0,0,0,0,0,0,0,0,0,0,0,0,0,0,0,0,38.41,40.81,42.11,39,29,25.12,26.36,30.07,37.44,36.94,35.57,41.69,35.95,37.25,40.39,46.07,57.81,74.97,98.45,122.02,174.59,214.31,174.1,166.31,183.33,170.64,190.8,199.96,177.73,188.13,211.7,241.46,249.7,248.72
Russian Federation,RUS,GDP (current US 1billion$),0,0,0,0,0,0,0,0,0,0,0,0,0,0,0,0,0,0,0,0,0,0,0,0,0,0,0,0,554.71,506.5,516.81,517.96,460.29,435.08,395.08,395.54,391.72,404.93,270.96,195.91,259.71,306.6,345.47,430.35,591.02,764.02,989.93,1299.71,1660.85,1222.64,1524.92,2045.93,2208.3,2292.47,2059.24,1363.48,1276.79,1574.2,1657.33,1687.45,1483.5
Rwanda,RWA,GDP (current US 1billion$),0.12,0.12,0.13,0.13,0.13,0.15,0.12,0.16,0.17,0.19,0.22,0.22,0.25,0.29,0.31,0.57,0.64,0.75,0.91,1.11,1.25,1.41,1.41,1.48,1.59,1.72,1.94,2.16,2.4,2.41,2.55,1.91,2.03,1.97,0.75,1.29,1.38,1.85,1.99,2.16,2.07,1.97,1.96,2.14,2.38,2.93,3.32,4.07,5.18,5.67,6.12,6.88,7.65,7.82,8.24,8.54,8.69,9.25,9.64,10.36,10.33
South Asia,SAS,GDP (current US 1billion$),47.17,50.33,53.72,60.43,69.18,74.3,62.48,68.73,72.04,79.2,85.74,91.2,91.68,104.81,126.97,135.91,132.65,153.6,174.77,195.75,236.03,250.21,258.87,274.03,272.76,296.6,314.13,348.79,374.79,378.23,407.19,362.26,384.73,381.1,432.32,479.85,524.97,550.71,558.42,598.32,630.43,645.87,677.63,791,917.09,1050.59,1196.09,1504.19,1527.47,1683.46,2060.78,2274.55,2300.18,2360.02,2584.55,2700.21,2926.35,3348.22,3436.88,3596.91,3351.52
Saudi Arabia,SAU,GDP (current US 1billion$),0,0,0,0,0,0,0,0,4.19,4.49,5.38,7.18,9.66,14.95,45.41,46.77,64.01,74.19,80.27,111.86,164.54,184.29,153.24,129.17,119.62,103.9,86.96,85.7,88.26,95.34,117.63,132.22,137.09,132.97,135.17,143.34,158.66,165.96,146.78,161.72,189.51,184.14,189.61,215.81,258.74,328.46,376.9,415.96,519.8,429.1,528.21,671.24,735.97,746.65,756.35,654.27,644.94,688.59,786.52,792.97,700.12
Sudan,SDN,GDP (current US 1billion$),1.31,1.42,1.54,1.57,1.61,1.68,1.72,1.87,1.95,2.14,2.44,2.66,2.88,3.57,4.6,5.6,6.98,8.7,7.67,9.03,7.46,10.02,9.24,8.23,9.7,12.4,15.77,20.16,15.4,15.29,12.41,11.38,7.03,8.88,12.79,13.83,9.02,11.68,11.25,10.68,12.26,13.18,14.8,17.65,21.46,26.52,35.82,45.9,54.53,49.96,65.63,57.89,48.24,51.22,61.73,64.46,52.8,45.02,34.52,32.25,26.11
Senegal,SEN,GDP (current US 1billion$),1,1.06,1.09,1.12,1.19,1.21,1.25,1.25,1.31,1.25,1.3,1.34,1.62,1.86,2.1,2.83,2.87,2.94,3.28,4.08,4.51,4.1,4.01,3.57,3.49,3.82,5.39,6.49,6.42,6.37,7.39,7.26,7.77,7.37,5.03,6.33,6.56,6.04,6.51,6.63,6.05,6.54,7.04,8.81,10.13,11.07,11.74,14.01,16.85,16.15,16.12,17.81,17.66,18.92,19.8,17.77,19.04,21,23.12,23.31,24.91
Singapore,SGP,GDP (current US 1billion$),0.7,0.76,0.83,0.92,0.89,0.97,1.1,1.24,1.43,1.66,1.92,2.26,2.72,3.7,5.22,5.63,6.33,6.62,7.52,9.3,11.9,14.18,16.08,17.78,19.75,19.16,18.59,20.92,25.37,30.47,36.14,45.47,52.13,60.6,73.69,87.81,96.3,100.12,85.73,86.28,96.07,89.79,92.54,97.65,115.04,127.81,148.63,180.94,193.61,194.15,239.81,279.35,295.09,307.58,314.85,308,318.76,343.34,375.98,374.39,340
Solomon Islands,SLB,GDP (current US 1billion$),0,0,0,0,0,0,0,0.03,0.03,0.03,0,0.05,0.04,0.06,0.08,0.07,0.08,0.09,0.11,0.15,0.18,0.19,0.19,0.18,0.18,0.17,0.15,0.16,0.18,0.17,0.21,0.23,0.27,0.3,0.4,0.47,0.51,0.53,0.46,0.49,0.42,0.41,0.35,0.35,0.4,0.48,0.54,0.62,0.7,0.74,0.85,1.05,1.19,1.28,1.34,1.31,1.38,1.48,1.57,1.57,1.55
Sierra Leone,SLE,GDP (current US 1billion$),0.32,0.33,0.34,0.35,0.37,0.36,0.38,0.35,0.33,0.41,0.43,0.42,0.47,0.58,0.65,0.68,0.59,0.69,0.96,1.11,1.1,1.11,1.3,1,1.09,0.86,0.49,0.7,1.06,0.93,0.65,0.78,0.68,0.77,0.91,0.87,0.94,0.85,0.67,0.67,0.64,1.09,1.25,1.39,1.45,1.65,1.89,2.16,2.51,2.45,2.58,2.94,3.8,4.92,5.02,4.22,3.67,3.74,4.09,4.12,3.87
El Salvador,SLV,GDP (current US 1billion$),0,0,0,0,0,0.88,0.93,0.98,1.01,1.05,1.13,1.19,1.26,1.44,1.67,1.88,2.33,2.94,3.13,3.46,3.57,3.44,3.4,3.51,3.66,3.8,3.77,3.96,4.19,4.37,4.82,5.25,5.81,6.68,7.68,8.92,9.59,10.22,10.94,11.28,11.78,12.28,12.66,13.24,13.72,14.7,16,17.01,17.99,17.6,18.45,20.28,21.39,21.99,22.59,23.44,24.19,24.98,26.02,26.9,24.64
San Marino,SMR,GDP (current US 1billion$),0,0,0,0,0,0,0,0,0,0,0,0,0,0,0,0,0,0,0,0,0,0,0,0,0,0,0,0,0,0,0,0,0,0,0,0,0,0,0,1.11,1.01,1.08,1.17,1.46,1.72,1.79,1.91,2.19,2.39,2.06,1.88,1.81,1.6,1.68,1.67,1.42,1.47,1.53,1.66,1.62,0
Somalia,SOM,GDP (current US 1billion$),0.18,0.19,0.2,0.22,0.23,0.24,0.26,0.27,0.29,0.31,0.32,0.33,0.42,0.51,0.47,0.71,0.81,0.5,0.56,0.59,0.6,0.7,0.77,0.73,0.79,0.88,0.93,1.01,1.04,1.09,0.92,0,0,0,0,0,0,0,0,0,0,0,0,0,0,0,0,0,0,0,0,0,0,3.89,3.96,4.05,4.2,4.51,4.72,4.94,4.92
Serbia,SRB,GDP (current US 1billion$),0,0,0,0,0,0,0,0,0,0,0,0,0,0,0,0,0,0,0,0,0,0,0,0,0,0,0,0,0,0,0,0,0,0,0,16.83,21.82,25.68,19.46,19.39,6.88,12.96,17.12,22.48,26.14,27.68,32.48,43.17,52.19,45.16,41.82,49.26,43.31,48.39,47.06,39.66,40.69,44.18,50.64,51.48,52.96
Sub-Saharan Africa (excluding high income),SSA,GDP (current US 1billion$),29.24,30.38,32.92,37.72,36.83,41.03,44.27,43.76,46.79,53.51,62.97,64.04,72.35,92.57,120.71,133.28,144.44,158.94,175.89,211.47,266.51,371.5,341.92,297.84,260.21,246.88,254.37,289.6,297.35,295.73,333.42,337.18,337.42,316.21,308.56,358.17,369.33,383.08,370.69,375.05,400.05,382,416.44,521.68,648.73,770.65,914.82,1061.8,1218.5,1161.02,1383.03,1553.74,1629.3,1734.55,1802.34,1649.6,1540.91,1641.16,1720.3,1768.46,1684.51
South Sudan,SSD,GDP (current US 1billion$),0,0,0,0,0,0,0,0,0,0,0,0,0,0,0,0,0,0,0,0,0,0,0,0,0,0,0,0,0,0,0,0,0,0,0,0,0,0,0,0,0,0,0,0,0,0,0,0,14.59,12.23,14.6,14.91,11.93,18.43,13.96,12,0,0,0,0,0
Sub-Saharan Africa,SSF,GDP (current US 1billion$),29.25,30.4,32.93,37.73,36.85,41.04,44.28,43.78,46.81,53.53,62.98,64.06,72.38,92.6,120.75,133.33,144.49,159,175.98,211.59,266.65,371.65,342.06,297.98,260.36,247.04,254.58,289.85,297.63,296.03,333.79,337.55,337.86,316.69,309.05,358.68,369.84,383.64,371.3,375.67,400.67,382.62,417.15,522.39,649.57,771.57,915.84,1062.83,1219.47,1161.87,1384,1554.8,1630.36,1735.88,1803.68,1650.98,1542.34,1642.69,1721.89,1770.04,1685.63
Small states,SST,GDP (current US 1billion$),0,0,0,0,0,0,0,0,0,0,7.87,8.86,10.43,13,20.2,22.99,26.25,29.8,32.04,39.77,52.92,54.68,54.42,52.65,52.17,50.25,49.32,56.33,62.03,64.54,74.73,76.32,81.19,80.09,84.28,95.86,101.91,108.97,108.82,116.64,129.07,129.58,138.66,165.86,199.64,237.86,277.05,332.12,400.01,342.64,393.72,474.54,494.6,514.36,530.64,453.04,445.59,481.18,529.12,520.74,455.34
Sao Tome and Principe,STP,GDP (current US 1billion$),0,0,0,0,0,0,0,0,0,0,0,0,0,0,0,0,0,0,0,0,0,0,0,0,0,0,0,0,0,0,0,0,0,0,0,0,0,0,0,0,0,0.08,0.09,0.1,0.11,0.14,0.14,0.15,0.19,0.19,0.2,0.23,0.25,0.3,0.35,0.32,0.35,0.38,0.41,0.43,0.47
Suriname,SUR,GDP (current US 1billion$),0.1,0.11,0.12,0.13,0.13,0.15,0.19,0.22,0.24,0.26,0.27,0.3,0.31,0.34,0.41,0.47,0.51,0.64,0.74,0.78,0.8,0.89,0.92,0.88,0.86,0.87,0.89,0.98,1.16,0.54,0.39,0.45,0.4,0.43,0.61,0.69,0.86,0.93,1.11,0.89,0.95,0.83,1.09,1.27,1.48,1.79,2.63,2.94,3.53,3.88,4.37,4.42,4.98,5.15,5.24,5.13,3.32,3.59,4,4.22,3.81
Slovak Republic,SVK,GDP (current US 1billion$),0,0,0,0,0,0,0,0,0,0,0,0,0,0,0,0,0,0,0,0,0,0,0,0,0,0,0,0,0,0,12.75,14.27,15.5,16.52,20.16,25.84,27.93,27.71,29.86,30.45,29.17,30.75,35.13,46.82,57.33,62.79,70.71,86.45,100.47,89.05,90.31,99.12,94.53,98.85,101.19,88.47,89.66,95.21,105.47,105.12,104.57
Slovenia,SVN,GDP (current US 1billion$),0,0,0,0,0,0,0,0,0,0,0,0,0,0,0,0,0,0,0,0,0,0,0,0,0,0,0,0,0,0,0,0,0,0,0,21.35,21.51,20.76,22.15,22.71,20.29,20.88,23.49,29.63,34.41,36.21,39.48,48.01,55.55,50.37,48.16,51.52,46.58,48.4,49.93,43.09,44.74,48.47,54.14,54.17,52.88
Sweden,SWE,GDP (current US 1billion$),15.82,17.21,18.67,20.2,22.53,24.8,26.97,29.28,31.07,33.74,38.09,41.57,48.95,59.4,66.01,82.89,89.36,94.47,104.44,123.39,142.09,129.69,114.38,105.01,109.2,114.12,150.5,183.01,206.99,217.95,261.85,274.23,284.32,212.95,229.03,267.31,291.74,268.15,270.81,274.07,262.84,242.4,266.85,334.34,385.12,392.22,423.09,491.25,517.71,436.54,495.81,574.09,552.48,586.84,581.96,505.1,515.65,541.02,555.46,531.28,537.61
Eswatini,SWZ,GDP (current US 1billion$),0.04,0.04,0.05,0.05,0.06,0.07,0.08,0.07,0.08,0.11,0.11,0.14,0.15,0.22,0.26,0.29,0.27,0.3,0.34,0.41,0.54,0.57,0.54,0.56,0.49,0.36,0.45,0.58,0.69,0.7,1.11,1.16,1.28,1.36,1.42,1.7,1.6,1.72,1.58,1.55,1.74,1.54,1.43,2.2,2.77,3.18,3.29,3.47,3.29,3.58,4.44,4.82,4.89,4.6,4.42,4.06,3.82,4.4,4.67,4.47,3.96
Sint Maarten (Dutch part),SXM,GDP (current US 1billion$),0,0,0,0,0,0,0,0,0,0,0,0,0,0,0,0,0,0,0,0,0,0,0,0,0,0,0,0,0,0,0,0,0,0,0,0,0,0,0,0,0,0,0,0,0,0,0,0,0,0,0,0.94,0.99,1.02,1.25,1.25,1.26,1.19,1.19,0,0
Seychelles,SYC,GDP (current US 1billion$),0.01,0.01,0.01,0.01,0.02,0.02,0.02,0.02,0.02,0.02,0.02,0.02,0.03,0.04,0.04,0.05,0.05,0.06,0.09,0.13,0.15,0.15,0.15,0.15,0.15,0.17,0.21,0.25,0.28,0.3,0.37,0.37,0.43,0.47,0.49,0.51,0.5,0.56,0.61,0.62,0.61,0.62,0.7,0.71,0.84,0.92,1.02,1.03,0.97,0.85,0.97,1.07,1.06,1.33,1.34,1.38,1.43,1.52,1.59,1.58,1.12
Syrian Arab Republic,SYR,GDP (current US 1billion$),0.86,0.95,1.11,1.2,1.34,1.47,1.34,1.58,1.75,2.25,2.14,2.59,3.06,3.24,5.16,6.83,7.63,7.7,9.28,9.93,13.06,15.52,16.3,17.59,17.5,16.4,13.29,11.36,10.58,9.85,12.31,12.98,13.25,13.7,10.12,11.4,13.79,14.51,15.2,15.87,19.33,21.1,21.58,21.83,25.09,28.86,33.33,40.41,0,0,0,0,0,0,0,0,0,0,0,0,0
Turks and Caicos Islands,TCA,GDP (current US 1billion$),0,0,0,0,0,0,0,0,0,0,0,0,0,0,0,0,0,0,0,0,0,0,0,0,0,0,0,0,0,0,0,0,0,0,0,0,0,0,0,0,0,0.36,0.37,0.41,0.49,0.58,0.72,0.77,0.86,0.7,0.69,0.73,0.73,0.75,0.84,0.94,1.03,1.02,1.11,1.2,0.92
Chad,TCD,GDP (current US 1billion$),0.31,0.33,0.36,0.37,0.39,0.42,0.43,0.45,0.45,0.47,0.47,0.5,0.59,0.65,0.65,0.86,0.87,0.94,1.11,1,1.03,0.88,0.83,0.83,0.92,1.03,1.07,1.16,1.48,1.43,1.74,1.88,1.88,1.46,1.18,1.45,1.61,1.54,1.74,1.53,1.39,1.71,2,2.74,4.42,6.65,7.43,8.65,10.39,9.29,10.67,12.17,12.37,12.95,13.94,10.95,10.1,10,11.24,11.31,10.09
East Asia & Pacific (IDA & IBRD countries),TEA,GDP (current US 1billion$),80.06,70.28,64.4,69.74,80.86,94.36,103.3,100.09,101.03,113.44,126.46,135.99,154.28,194.25,219.15,246.37,250.06,288.97,279.75,324.04,373.92,399.01,418.76,439.4,476.92,522.67,521.2,514.75,570.88,616.98,661.34,717.74,804.3,883,1062.25,1311.11,1505.95,1559.87,1429.69,1572.69,1729.89,1842.77,2042.82,2309.58,2677.98,3102.5,3738.3,4731.24,5979.04,6488.69,7861.46,9595.89,10700.27,11810.75,12731.31,13261.57,13544,14805.91,16555.12,17123.38,17420.84
Europe & Central Asia (IDA & IBRD countries),TEC,GDP (current US 1billion$),0,0,0,0,0,0,0,0,0,0,0,0,0,0,0,0,0,0,0,0,0,0,0,0,0,0,0,0,968.92,940.68,999.75,995.49,937.92,932.59,838.27,924.11,951.06,980.88,948.28,821.98,893.55,909.48,1022.11,1256.7,1627.21,2037.42,2463.51,3167.47,3920.75,3110.44,3651.04,4434.4,4629.81,4909.01,4641.86,3622.13,3485.63,3908.9,4070.37,4148.18,3868.31
Togo,TGO,GDP (current US 1billion$),0.12,0.13,0.13,0.14,0.17,0.19,0.22,0.23,0.24,0.27,0.25,0.29,0.34,0.41,0.56,0.62,0.62,0.78,0.82,0.89,1.14,0.96,0.82,0.77,0.72,0.76,1.06,1.25,1.38,1.35,1.63,1.6,1.69,1.23,0.98,1.31,1.47,1.5,1.59,1.58,1.49,1.48,1.71,2.12,2.26,2.28,2.35,2.66,3.32,3.38,3.43,3.87,3.87,4.32,4.57,4.18,6.03,6.4,7.11,7.22,7.57
Thailand,THA,GDP (current US 1billion$),2.76,3.03,3.31,3.54,3.89,4.39,5.28,5.64,6.08,6.7,7.09,7.38,8.18,10.84,13.7,14.88,16.99,19.78,24.01,27.37,32.35,34.85,36.59,40.04,41.8,38.9,43.1,50.54,61.67,72.25,85.34,98.23,111.45,128.89,146.68,169.28,183.04,150.18,113.68,126.67,126.39,120.3,134.3,152.28,172.9,189.32,221.76,262.94,291.38,281.71,341.1,370.82,397.56,420.33,407.34,401.3,413.37,456.36,506.61,544.26,501.79
Tajikistan,TJK,GDP (current US 1billion$),0,0,0,0,0,0,0,0,0,0,0,0,0,0,0,0,0,0,0,0,0,0,0,0,0,0,0,0,0,0,2.63,1.35,2.16,1.64,1.52,1.23,1.04,0.92,1.32,1.09,0.86,1.08,1.22,1.56,2.08,2.31,2.83,3.72,5.16,4.98,5.64,6.52,7.63,8.45,9.11,8.27,6.99,7.54,7.77,8.3,8.19
Turkmenistan,TKM,GDP (current US 1billion$),0,0,0,0,0,0,0,0,0,0,0,0,0,0,0,0,0,0,0,0,0,0,0,0,0,0,0,2.33,3.01,3.01,3.19,0,1.6,3.34,2.56,2.48,2.38,2.45,2.61,2.45,2.9,3.53,4.46,5.98,6.84,8.1,10.28,12.66,19.27,20.21,22.58,29.23,35.16,39.2,43.52,35.8,36.17,37.93,40.77,45.23,0
Latin America & the Caribbean (IDA & IBRD countries),TLA,GDP (current US 1billion$),76.7,81.1,92.82,93.43,104.15,110.87,121.58,124.47,133.9,149.87,163.02,181.6,203.69,268.84,352.63,368.01,409.69,451.16,510.56,610.78,740.18,857.2,795.28,694.24,697.3,719.31,721.61,761.12,860.15,942.51,1109.29,1382.19,1303.04,1504.81,1719.85,1833.69,1993.07,2186.26,2199.62,1968.28,2177.51,2118.89,1884.43,1921.34,2225.08,2709.22,3186.23,3773.44,4407.49,4129.29,5159.09,5885.32,5942.62,6090.3,6209.43,5302.26,5169.86,5763.51,5623.1,5535.01,4611.11
Timor-Leste,TLS,GDP (current US 1billion$),0,0,0,0,0,0,0,0,0,0,0,0,0,0,0,0,0,0,0,0,0,0,0,0,0,0,0,0,0,0,0,0,0,0,0,0,0,0,0,0,0.37,0.48,0.47,0.49,0.44,0.46,0.45,0.54,0.65,0.73,0.88,1.05,1.15,1.4,1.45,1.59,1.65,1.6,1.56,2.02,1.82
Middle East & North Africa (IDA & IBRD countries),TMN,GDP (current US 1billion$),0,0,0,0,0,0,0,0,0,0,0,0,0,0,0,0,0,0,0,0,0,0,0,0,0,0,0,0,0,0,0,0,0,272.16,281.63,329.48,377.92,397.99,403.24,441.62,467.91,469.76,452.35,495.47,588.77,693.75,806.66,997.6,1235.93,1191.95,1375.21,1555.74,1717.65,1605.62,1578.72,1414.42,1435.69,1415.01,1324.45,1348.52,1198.76
Tonga,TON,GDP (current US 1billion$),0,0,0,0,0,0,0,0,0,0,0,0,0,0,0,0.03,0.03,0.03,0.04,0.04,0.05,0.06,0.06,0.06,0.06,0.06,0.07,0.08,0.11,0.11,0.11,0.13,0.14,0.14,0.2,0.21,0.22,0.21,0.19,0.2,0.2,0.18,0.18,0.2,0.23,0.26,0.29,0.3,0.34,0.31,0.37,0.41,0.47,0.45,0.44,0.44,0.42,0.46,0.49,0.51,0
South Asia (IDA & IBRD),TSA,GDP (current US 1billion$),47.17,50.33,53.72,60.43,69.18,74.3,62.48,68.73,72.04,79.2,85.74,91.2,91.68,104.81,126.97,135.91,132.65,153.6,174.77,195.75,236.03,250.21,258.87,274.03,272.76,296.6,314.13,348.79,374.79,378.23,407.19,362.26,384.73,381.1,432.32,479.85,524.97,550.71,558.42,598.32,630.43,645.87,677.63,791,917.09,1050.59,1196.09,1504.19,1527.47,1683.46,2060.78,2274.55,2300.18,2360.02,2584.55,2700.21,2926.35,3348.22,3436.88,3596.91,3351.52
Sub-Saharan Africa (IDA & IBRD countries),TSS,GDP (current US 1billion$),29.25,30.4,32.93,37.73,36.85,41.04,44.28,43.78,46.81,53.53,62.98,64.06,72.38,92.6,120.75,133.33,144.49,159,175.98,211.59,266.65,371.65,342.06,297.98,260.36,247.04,254.58,289.85,297.63,296.03,333.79,337.55,337.86,316.69,309.05,358.68,369.84,383.64,371.3,375.67,400.67,382.62,417.15,522.39,649.57,771.57,915.84,1062.83,1219.47,1161.87,1384,1554.8,1630.36,1735.88,1803.68,1650.98,1542.34,1642.69,1721.89,1770.04,1685.63
Trinidad and Tobago,TTO,GDP (current US 1billion$),0.54,0.58,0.62,0.68,0.71,0.74,0.72,0.76,0.76,0.78,0.82,0.9,1.08,1.31,2.04,2.44,2.5,3.14,3.56,4.6,6.24,6.99,8.14,7.76,7.76,7.38,4.79,4.8,4.5,4.32,5.07,5.31,5.44,4.67,4.95,5.33,5.76,5.74,6.04,6.81,8.15,8.82,9.01,11.31,13.28,15.98,18.37,21.64,27.87,19.17,22.16,25.43,25.76,27.27,27.62,24.96,22.39,22.39,23.68,23.21,21.53
Tunisia,TUN,GDP (current US 1billion$),0,0,0,0,0,0.99,1.04,1.09,1.21,1.29,1.44,1.69,2.24,2.73,3.55,4.33,4.51,5.11,5.97,7.19,8.74,8.43,8.13,8.35,8.25,8.41,9.02,9.7,10.1,10.1,12.29,13.07,15.5,14.61,15.63,18.03,19.59,20.75,21.8,22.94,21.47,22.07,23.14,27.45,31.18,32.27,34.38,38.91,44.86,43.45,44.05,45.81,45.04,46.25,47.63,43.17,41.8,39.8,39.77,39.2,39.24
Turkey,TUR,GDP (current US 1billion$),14,7.99,8.92,10.36,11.18,11.97,14.1,15.64,17.5,19.47,17.09,16.26,20.43,25.72,35.6,44.63,51.28,58.68,65.15,89.39,68.79,71.04,64.55,61.68,59.99,67.23,75.73,87.17,90.85,107.14,150.68,150.03,158.46,180.17,130.69,169.49,181.48,189.83,275.97,256.39,274.3,201.75,240.25,314.59,408.88,506.31,557.06,681.34,770.46,649.27,776.99,838.76,880.56,957.78,938.95,864.32,869.69,859,778.38,761.43,720.1
Tuvalu,TUV,GDP (current US 1billion$),0,0,0,0,0,0,0,0,0,0,0,0,0,0,0,0,0,0,0,0,0,0,0,0,0,0,0,0,0,0,0.01,0.01,0.01,0.01,0.01,0.01,0.01,0.01,0.01,0.01,0.01,0.01,0.02,0.02,0.02,0.02,0.02,0.03,0.03,0.03,0.03,0.04,0.04,0.04,0.04,0.04,0.04,0.04,0.04,0.05,0.05
Tanzania,TZA,GDP (current US 1billion$),0,0,0,0,0,0,0,0,0,0,0,0,0,0,0,0,0,0,0,0,0,0,0,0,0,0,0,0,5.1,4.42,4.26,4.96,4.6,4.26,4.51,5.26,6.5,7.68,12.27,12.71,13.38,13.58,14.14,15.22,16.68,18.4,18.65,21.84,27.94,29.08,32.01,34.66,39.65,45.68,49.96,47.38,49.77,53.32,57,61.14,62.41
Uganda,UGA,GDP (current US 1billion$),0.42,0.44,0.45,0.52,0.59,0.88,0.93,0.97,1.04,1.17,1.26,1.42,1.49,1.7,2.1,2.36,2.45,2.94,2.42,2.14,1.24,1.34,2.18,2.24,3.62,3.52,3.92,6.27,6.51,5.28,4.3,3.32,2.86,3.22,3.99,5.76,6.04,6.27,6.58,6,6.19,5.84,6.18,6.61,7.94,9.24,9.98,11.9,14.44,25.02,26.56,27.75,27.19,28.79,32.47,32.25,29.08,30.74,32.91,35.17,37.37
Ukraine,UKR,GDP (current US 1billion$),0,0,0,0,0,0,0,0,0,0,0,0,0,0,0,0,0,0,0,0,0,0,0,0,0,0,0,64.09,74.7,82.71,81.46,0,71.9,65.61,52.54,48.21,44.56,50.15,41.88,31.58,31.26,37.97,42.35,50.08,64.82,86.06,107.65,142.58,179.82,117.11,136.01,163.16,175.78,183.31,133.5,91.03,93.36,112.19,130.9,153.93,155.58
Upper middle income,UMC,GDP (current US 1billion$),237.93,213.31,223.87,233.33,268.63,298.65,329.28,332.32,347.42,389.93,426.24,464.17,527.95,679.74,843.73,929.16,987.78,1092.89,1173.13,1428.85,1650.57,1795.63,1723.06,1640.64,1701.62,1782.37,1810.87,1930.48,2148.51,2273.17,2660.33,2769.16,2695.06,2936.72,3214.65,3579.3,3894.14,4168.9,4119.33,3890.4,4297.01,4323.01,4359.83,4880.91,5851.44,7035.25,8361.61,10390.71,12686.35,12191.68,14799.03,17848.49,19119.57,20544.51,21189.33,19893.41,19793.62,21911.99,23580.9,23979.75,23104.88
Uruguay,URY,GDP (current US 1billion$),1.24,1.55,1.71,1.54,1.98,1.89,1.81,1.6,1.59,2,2.14,2.81,2.19,3.96,4.09,3.54,3.67,4.11,4.91,7.18,10.16,11.05,9.18,5.1,4.85,4.73,5.88,7.37,8.21,8.44,9.3,11.21,12.88,15,17.47,19.3,20.52,23.97,25.39,23.98,22.82,20.9,13.61,12.05,13.69,17.36,19.58,23.41,30.37,31.66,40.28,47.96,51.26,57.53,57.24,53.27,57.24,64.23,64.52,61.23,53.63
United States,USA,GDP (current US 1billion$),543.3,563.3,605.1,638.6,685.8,743.7,815,861.7,942.5,1019.9,1073.3,1164.85,1279.11,1425.38,1545.24,1684.9,1873.41,2081.83,2351.6,2627.33,2857.31,3207.04,3343.79,3634.04,4037.61,4338.98,4579.63,4855.22,5236.44,5641.58,5963.14,6158.13,6520.33,6858.56,7287.24,7639.75,8073.12,8577.55,9062.82,9630.66,10252.35,10581.82,10936.42,11458.24,12213.73,13036.64,13814.61,14451.86,14712.84,14448.93,14992.05,15542.58,16197.01,16784.85,17527.16,18238.3,18745.08,19542.98,20611.86,21433.22,20936.6
Uzbekistan,UZB,GDP (current US 1billion$),0,0,0,0,0,0,0,0,0,0,0,0,0,0,0,0,0,0,0,0,0,0,0,0,0,0,0,0,0,0,13.36,13.68,12.94,13.1,12.9,13.35,13.95,14.74,14.99,17.08,13.76,11.4,9.69,10.13,12.03,14.31,17.33,22.31,29.55,33.69,46.68,56.52,63.63,69,76.66,81.85,81.78,59.16,50.39,57.73,57.71
St. Vincent and the Grenadines,VCT,GDP (current US 1billion$),0.01,0.01,0.01,0.01,0.01,0.02,0.02,0.02,0.02,0.02,0.02,0.02,0.03,0.03,0.03,0.03,0.03,0.05,0.06,0.07,0.08,0.1,0.11,0.12,0.14,0.15,0.16,0.18,0.2,0.21,0.24,0.25,0.28,0.29,0.29,0.32,0.33,0.35,0.37,0.39,0.4,0.43,0.46,0.48,0.52,0.55,0.61,0.68,0.7,0.67,0.68,0.68,0.69,0.72,0.73,0.76,0.77,0.79,0.81,0.82,0.81
"Venezuela, RB",VEN,GDP (current US 1billion$),7.78,8.19,8.95,9.75,8.1,8.43,8.78,9.25,10.03,10.29,11.56,12.99,13.98,17.04,26.1,27.46,31.42,36.21,39.32,48.31,59.12,66.33,67.74,67.56,60.01,61.97,60.39,48.03,60.23,43.53,48.6,53.48,60.4,60.07,58.42,77.41,70.54,85.84,91.33,97.98,117.14,122.9,92.89,83.62,112.45,145.51,183.48,230.36,315.95,329.79,393.19,316.48,381.29,371.01,482.36,0,0,0,0,0,0
British Virgin Islands,VGB,GDP (current US 1billion$),0,0,0,0,0,0,0,0,0,0,0,0,0,0,0,0,0,0,0,0,0,0,0,0,0,0,0,0,0,0,0,0,0,0,0,0,0,0,0,0,0,0,0,0,0,0,0,0,0,0,0,0,0,0,0,0,0,0,0,0,0
Virgin Islands (U.S.),VIR,GDP (current US 1billion$),0,0,0,0,0,0,0,0,0,0,0,0,0,0,0,0,0,0,0,0,0,0,0,0,0,0,0,0,0,0,0,0,0,0,0,0,0,0,0,0,0,0,3.27,3.45,3.8,4.44,4.5,4.8,4.25,4.2,4.34,4.24,4.1,3.76,3.62,3.75,3.87,3.89,3.98,0,0
Vietnam,VNM,GDP (current US 1billion$),0,0,0,0,0,0,0,0,0,0,0,0,0,0,0,0,0,0,0,0,0,0,0,0,0,14.09,26.34,36.66,25.42,6.29,6.47,9.61,9.87,13.18,16.29,20.74,24.66,26.84,27.21,28.68,31.17,32.69,35.06,39.55,45.43,57.63,66.37,77.41,99.13,106.01,115.93,135.54,155.82,171.22,186.2,193.24,205.28,223.78,245.21,261.92,271.16
Vanuatu,VUT,GDP (current US 1billion$),0,0,0,0,0,0,0,0,0,0,0,0,0,0,0,0,0,0,0,0.12,0.12,0.11,0.11,0.12,0.14,0.13,0.13,0.14,0.16,0.15,0.17,0.2,0.21,0.2,0.23,0.25,0.26,0.27,0.26,0.27,0.27,0.26,0.26,0.31,0.36,0.39,0.44,0.52,0.59,0.59,0.67,0.77,0.75,0.76,0.77,0.73,0.78,0.88,0.91,0.93,0.85
World,WLD,GDP (current US 1billion$),1384.63,1440.34,1545.7,1665.14,1824.12,1986.37,2155.14,2294.16,2476.49,2732.23,2987.37,3300.43,3805.59,4637.93,5345.36,5954.41,6479.4,7328.61,8632.35,10028.41,11298.29,11695.24,11583.47,11815.03,12253.33,12874.63,15214.56,17307.78,19357.71,20208.07,22762.05,23932.12,25438.7,25854.64,27765.78,30883.99,31567.19,31461.55,31400.58,32582.77,33651.29,33447.17,34724.86,38947.77,43883.08,47535.25,51521.18,58058.52,63708.74,60436.72,66162.66,73479.86,75172.81,77331.91,79468.86,75233.6,76417.25,81326.72,86343.51,87607.77,84705.43
Samoa,WSM,GDP (current US 1billion$),0,0,0,0,0,0,0,0,0,0,0,0,0,0,0,0,0,0,0,0,0,0,0.12,0.11,0.11,0.1,0.1,0.11,0.13,0.12,0.13,0.13,0.13,0.13,0.22,0.22,0.25,0.29,0.27,0.26,0.27,0.27,0.29,0.34,0.42,0.47,0.51,0.57,0.62,0.58,0.66,0.74,0.76,0.77,0.76,0.79,0.8,0.83,0.82,0.85,0.81
Kosovo,XKX,GDP (current US 1billion$),0,0,0,0,0,0,0,0,0,0,0,0,0,0,0,0,0,0,0,0,0,0,0,0,0,0,0,0,0,0,0,0,0,0,0,0,0,0,0,0,1.85,2.54,2.41,2.79,3.56,3.66,3.85,4.66,5.69,5.65,5.84,6.7,6.5,7.07,7.4,6.44,6.72,7.25,7.94,7.95,7.61
"Yemen, Rep.",YEM,GDP (current US 1billion$),0,0,0,0,0,0,0,0,0,0,0,0,0,0,0,0,0,0,0,0,0,0,0,0,0,0,0,0,0,0,5.65,5.93,6.46,5.37,4.17,4.26,5.79,6.84,6.33,7.64,9.65,9.86,10.69,11.78,13.87,16.75,19.06,21.65,26.91,25.13,30.91,32.73,35.4,40.42,43.23,42.45,30.93,26.74,23.49,0,0
South Africa,ZAF,GDP (current US 1billion$),7.58,7.97,8.5,9.42,10.37,11.33,12.35,13.78,14.89,16.78,18.42,20.33,21.36,29.3,36.81,38.11,36.6,40.65,46.74,57.65,82.98,85.45,78.42,87.42,77.34,59.08,67.52,88.57,95.18,99.03,115.55,123.94,134.55,134.31,139.75,155.46,147.61,152.59,137.77,136.63,136.36,121.51,115.48,175.26,228.59,257.77,271.64,299.42,286.77,295.94,375.35,416.42,396.33,366.83,350.9,317.62,296.36,349.55,368.29,351.43,301.92
Zambia,ZMB,GDP (current US 1billion$),0.71,0.7,0.69,0.72,0.84,1.08,1.26,1.37,1.61,1.97,1.83,1.69,1.91,2.27,3.12,2.62,2.75,2.48,2.81,3.33,3.83,3.87,3.99,3.22,2.74,2.28,1.66,2.27,3.71,4,3.29,3.38,3.18,3.27,3.66,3.81,3.6,4.3,3.54,3.4,3.6,4.09,4.19,4.9,6.22,8.33,12.76,14.06,17.91,15.33,20.27,23.46,25.5,28.04,27.14,21.25,20.96,25.87,26.31,23.31,19.32
Zimbabwe,ZWE,GDP (current US 1billion$),1.05,1.1,1.12,1.16,1.22,1.31,1.28,1.4,1.48,1.75,1.88,2.18,2.68,3.31,3.98,4.37,4.32,4.36,4.35,5.18,6.68,8.01,8.54,7.76,6.35,5.64,6.22,6.74,7.81,8.29,8.78,8.64,6.75,6.56,6.89,7.11,8.55,8.53,6.4,6.86,6.69,6.78,6.34,5.73,5.81,5.76,5.44,5.29,4.42,9.67,12.04,14.1,17.11,19.09,19.5,19.96,20.55,19.02,19.52,16.93,16.77
